stratum,workload,variant,n,failed_attempts,full_initial_planning_seconds,full_initial_planning_seconds_min,full_initial_planning_seconds_max,optimizer_seconds,optimizer_seconds_min,optimizer_seconds_max,analysis_seconds,analysis_seconds_min,analysis_seconds_max,compile_seconds,compile_seconds_min,compile_seconds_max,upper,upper_min,upper_max,lower,lower_min,lower_max,gap,gap_min,gap_max,rawValues,rawValues_min,rawValues_max,reducedValues,reducedValues_min,reducedValues_max,rawCells,rawCells_min,rawCells_max,reducedCells,reducedCells_min,reducedCells_max,childEvaluations,childEvaluations_min,childEvaluations_max,fullChildEvaluations,fullChildEvaluations_min,fullChildEvaluations_max,infeasibleCuts,infeasibleCuts_min,infeasibleCuts_max,costCuts,costCuts_min,costCuts_max,globalConsidered,globalConsidered_min,globalConsidered_max,globalPruned,globalPruned_min,globalPruned_max,globalFactors,globalFactors_min,globalFactors_max,globalPrepNanos,globalPrepNanos_min,globalPrepNanos_max,assignments,assignments_min,assignments_max,retainedSlots,retainedSlots_min,retainedSlots_max,merges,merges_min,merges_max,deterministic_plan,deterministic_objective,plan_fingerprints,objective_bits,stops,global_outcomes,full_initial_planning_seconds_ratio_vs_baseline,optimizer_seconds_ratio_vs_baseline,analysis_seconds_ratio_vs_baseline,compile_seconds_ratio_vs_baseline,childEvaluations_ratio_vs_baseline,fullChildEvaluations_ratio_vs_baseline,assignments_ratio_vs_baseline,merges_ratio_vs_baseline,reducedValues_ratio_vs_baseline,reducedCells_ratio_vs_baseline,cost_ratio_vs_baseline,cost_change_vs_baseline_pct,full_initial_planning_seconds_paired_ratio_vs_baseline,optimizer_seconds_paired_ratio_vs_baseline,analysis_seconds_paired_ratio_vs_baseline,compile_seconds_paired_ratio_vs_baseline,cost_paired_ratio_vs_baseline,full_initial_planning_seconds_ratio_vs_local,optimizer_seconds_ratio_vs_local,analysis_seconds_ratio_vs_local,compile_seconds_ratio_vs_local,childEvaluations_ratio_vs_local,fullChildEvaluations_ratio_vs_local,assignments_ratio_vs_local,merges_ratio_vs_local,reducedValues_ratio_vs_local,reducedCells_ratio_vs_local,cost_ratio_vs_local,cost_change_vs_local_pct,full_initial_planning_seconds_paired_ratio_vs_local,optimizer_seconds_paired_ratio_vs_local,analysis_seconds_paired_ratio_vs_local,compile_seconds_paired_ratio_vs_local,cost_paired_ratio_vs_local,extra_final_reduced_values_vs_local,extra_final_reduced_values_pct_vs_local
original-nonstep,als,baseline,3,1,3.924615305,3.499884966,4.589249807,0.100395499,0.09703489,0.127162115,2.19059157,2.002042557,2.533755593,3.926751,3.502224,4.591975,1348514.7196450569,1348514.7196450569,1348514.7196450569,1302540.2879920152,1302540.2879920152,1302540.2879920152,0.03529597669789963,0.03529597669789963,0.03529597669789963,394.0,394.0,394.0,359.0,359.0,359.0,4314.0,4314.0,4314.0,3144.0,3144.0,3144.0,0.0,0.0,0.0,0.0,0.0,0.0,0.0,0.0,0.0,0.0,0.0,0.0,0.0,0.0,0.0,0.0,0.0,0.0,0.0,0.0,0.0,0.0,0.0,0.0,3144.0,3144.0,3144.0,3144.0,3144.0,3144.0,1245.0,1245.0,1245.0,True,True,3cd4cb111fdcb1d1653cc2fb81a752f887d1f1f845f73ad218ceb7f88c3458fd,4698542638339106960,TARGET_REACHED,DISABLED,1.0,1.0,1.0,1.0,,,1.0,1.0,1.0,1.0,1.0,0.0,"[{""ratio"": 1.0, ""repetition"": 1}, {""ratio"": 1.0, ""repetition"": 2}, {""ratio"": 1.0, ""repetition"": 3}]","[{""ratio"": 1.0, ""repetition"": 1}, {""ratio"": 1.0, ""repetition"": 2}, {""ratio"": 1.0, ""repetition"": 3}]","[{""ratio"": 1.0, ""repetition"": 1}, {""ratio"": 1.0, ""repetition"": 2}, {""ratio"": 1.0, ""repetition"": 3}]","[{""ratio"": 1.0, ""repetition"": 1}, {""ratio"": 1.0, ""repetition"": 2}, {""ratio"": 1.0, ""repetition"": 3}]","[{""ratio"": 1.0, ""repetition"": 1}, {""ratio"": 1.0, ""repetition"": 2}, {""ratio"": 1.0, ""repetition"": 3}]",,,,,,,,,,,,,,,,,,,
original-nonstep,als,dominance,3,1,4.068834396,3.709217453,4.332276547,0.103874882,0.099023466,0.114544229,2.435579357,2.085849463,2.574448759,4.070769,3.711797,4.334704,1348514.7196450569,1348514.7196450569,1348514.7196450569,1302540.2879920152,1302540.2879920152,1302540.2879920152,0.03529597669789963,0.03529597669789963,0.03529597669789963,394.0,394.0,394.0,359.0,359.0,359.0,4314.0,4314.0,4314.0,3144.0,3144.0,3144.0,0.0,0.0,0.0,0.0,0.0,0.0,0.0,0.0,0.0,0.0,0.0,0.0,0.0,0.0,0.0,0.0,0.0,0.0,0.0,0.0,0.0,0.0,0.0,0.0,3144.0,3144.0,3144.0,3144.0,3144.0,3144.0,1245.0,1245.0,1245.0,True,True,3cd4cb111fdcb1d1653cc2fb81a752f887d1f1f845f73ad218ceb7f88c3458fd,4698542638339106960,TARGET_REACHED,DISABLED,1.036747319110809,1.0346567628494978,1.111836359801202,1.0366761223209724,,,1.0,1.0,1.0,1.0,1.0,0.0,"[{""ratio"": 1.1625623229126438, ""repetition"": 1}, {""ratio"": 1.1038729175521065, ""repetition"": 2}, {""ratio"": 0.8082404769821675, ""repetition"": 3}]","[{""ratio"": 1.0346567628494978, ""repetition"": 1}, {""ratio"": 1.020493412214926, ""repetition"": 2}, {""ratio"": 0.9007732295110065, ""repetition"": 3}]","[{""ratio"": 1.2165472449544938, ""repetition"": 1}, {""ratio"": 1.175229921568629, ""repetition"": 2}, {""ratio"": 0.823224413894762, ""repetition"": 3}]","[{""ratio"": 1.1623382741937696, ""repetition"": 1}, {""ratio"": 1.103890722890247, ""repetition"": 2}, {""ratio"": 0.8083225627317222, ""repetition"": 3}]","[{""ratio"": 1.0, ""repetition"": 1}, {""ratio"": 1.0, ""repetition"": 2}, {""ratio"": 1.0, ""repetition"": 3}]",,,,,,,,,,,,,,,,,,,
original-nonstep,als,global,3,1,4.350787664,4.327123935,4.385233887,0.204669613,0.143556489,0.211164707,2.36994769,2.340514193,2.543147465,4.353477,4.329352,4.387408,1348514.7196450569,1348514.7196450569,1348514.7196450569,1302540.2879920155,1302540.2879920155,1302540.2879920155,0.035295976697899446,0.035295976697899446,0.035295976697899446,394.0,394.0,394.0,320.0,320.0,320.0,4314.0,4314.0,4314.0,2524.0,2524.0,2524.0,0.0,0.0,0.0,0.0,0.0,0.0,0.0,0.0,0.0,0.0,0.0,0.0,394.0,394.0,394.0,32.0,32.0,32.0,6.0,6.0,6.0,68443468.0,44015665.0,71066058.0,2524.0,2524.0,2524.0,2524.0,2524.0,2524.0,1266.0,1266.0,1266.0,True,True,3cd4cb111fdcb1d1653cc2fb81a752f887d1f1f845f73ad218ceb7f88c3458fd,4698542638339106960,TARGET_REACHED,APPLIED,1.1085895879927523,2.0386333554654676,1.0818756551683435,1.1086715200429056,,,0.8027989821882952,1.0168674698795181,0.8913649025069638,0.8027989821882952,1.0,0.0,"[{""ratio"": 1.243123047261891, ""repetition"": 1}, {""ratio"": 1.1025600214847044, ""repetition"": 2}, {""ratio"": 0.9555448213586426, ""repetition"": 3}]","[{""ratio"": 2.1033284271040875, ""repetition"": 1}, {""ratio"": 1.4794316662800362, ""repetition"": 2}, {""ratio"": 1.6095172135191367, ""repetition"": 3}]","[{""ratio"": 1.1690631574321726, ""repetition"": 1}, {""ratio"": 1.1609409530412829, ""repetition"": 2}, {""ratio"": 0.9353497616531952, ""repetition"": 3}]","[{""ratio"": 1.2430606951468552, ""repetition"": 1}, {""ratio"": 1.102527764047173, ""repetition"": 2}, {""ratio"": 0.9554511947473582, ""repetition"": 3}]","[{""ratio"": 1.0, ""repetition"": 1}, {""ratio"": 1.0, ""repetition"": 2}, {""ratio"": 1.0, ""repetition"": 3}]",1.050913416553424,1.6949614432602034,1.012941636973725,1.0509689436855347,,,0.805360561582642,1.0160513643659712,0.8938547486033519,0.805360561582642,1.0,0.0,"[{""ratio"": 1.15290910020624, ""repetition"": 1}, {""ratio"": 1.045197548022869, ""repetition"": 2}, {""ratio"": 1.0344020710462158, ""repetition"": 3}]","[{""ratio"": 1.9442518108318672, ""repetition"": 1}, {""ratio"": 1.1483349196383872, ""repetition"": 2}, {""ratio"": 1.6949614432602034, ""repetition"": 3}]","[{""ratio"": 1.1170231355412314, ""repetition"": 1}, {""ratio"": 1.0869691205136596, ""repetition"": 2}, {""ratio"": 1.0093059607893091, ""repetition"": 3}]","[{""ratio"": 1.1529845202369913, ""repetition"": 1}, {""ratio"": 1.0451449492630505, ""repetition"": 2}, {""ratio"": 1.0342469628450626, ""repetition"": 3}]","[{""ratio"": 1.0, ""repetition"": 1}, {""ratio"": 1.0, ""repetition"": 2}, {""ratio"": 1.0, ""repetition"": 3}]",38.0,10.614525139664805
original-nonstep,als,local,3,1,4.140005823,3.773747352,4.239390088,0.120751781,0.108609752,0.125012735,2.339668549,2.095313981,2.348096397,4.142346,3.775833,4.242128,1348514.7196450569,1348514.7196450569,1348514.7196450569,1302540.2879920152,1302540.2879920152,1302540.2879920152,0.03529597669789963,0.03529597669789963,0.03529597669789963,394.0,394.0,394.0,358.0,358.0,358.0,4314.0,4314.0,4314.0,3134.0,3134.0,3134.0,0.0,0.0,0.0,0.0,0.0,0.0,0.0,0.0,0.0,0.0,0.0,0.0,0.0,0.0,0.0,0.0,0.0,0.0,0.0,0.0,0.0,0.0,0.0,0.0,3134.0,3134.0,3134.0,3134.0,3134.0,3134.0,1246.0,1246.0,1246.0,True,True,3cd4cb111fdcb1d1653cc2fb81a752f887d1f1f845f73ad218ceb7f88c3458fd,4698542638339106960,TARGET_REACHED,DISABLED,1.0548819441552884,1.2027609026575983,1.0680532971283188,1.0549041688663223,,,0.9968193384223919,1.0008032128514057,0.9972144846796658,0.9968193384223919,1.0,0.0,"[{""ratio"": 1.0782489677976461, ""repetition"": 1}, {""ratio"": 1.0548819441552884, ""repetition"": 2}, {""ratio"": 0.9237653791549204, ""repetition"": 3}]","[{""ratio"": 1.0818189369226603, ""repetition"": 1}, {""ratio"": 1.288327682960222, ""repetition"": 2}, {""ratio"": 0.9495892782217409, ""repetition"": 3}]","[{""ratio"": 1.04658813254188, ""repetition"": 1}, {""ratio"": 1.0680532971283188, ""repetition"": 2}, {""ratio"": 0.926725688731415, ""repetition"": 3}]","[{""ratio"": 1.0781243575510875, ""repetition"": 1}, {""ratio"": 1.0549041688663223, ""repetition"": 2}, {""ratio"": 0.9238133918412013, ""repetition"": 3}]","[{""ratio"": 1.0, ""repetition"": 1}, {""ratio"": 1.0, ""repetition"": 2}, {""ratio"": 1.0, ""repetition"": 3}]",,,,,,,,,,,,,,,,,,,
original-nonstep,als,support,3,1,3.709785368,3.53539674,4.695345808,0.115358946,0.092529147,0.147624382,2.044511264,1.96524835,2.683963613,3.71199,3.537902,4.69749,1348514.7196450569,1348514.7196450569,1348514.7196450569,1302540.2879920152,1302540.2879920152,1302540.2879920152,0.03529597669789963,0.03529597669789963,0.03529597669789963,394.0,394.0,394.0,358.0,358.0,358.0,4314.0,4314.0,4314.0,3134.0,3134.0,3134.0,0.0,0.0,0.0,0.0,0.0,0.0,0.0,0.0,0.0,0.0,0.0,0.0,0.0,0.0,0.0,0.0,0.0,0.0,0.0,0.0,0.0,0.0,0.0,0.0,3134.0,3134.0,3134.0,3134.0,3134.0,3134.0,1246.0,1246.0,1246.0,True,True,3cd4cb111fdcb1d1653cc2fb81a752f887d1f1f845f73ad218ceb7f88c3458fd,4698542638339106960,TARGET_REACHED,DISABLED,0.9452608930291067,1.1490449985212983,0.9333146771855787,0.9453082204601209,,,0.9968193384223919,1.0008032128514057,0.9972144846796658,0.9968193384223919,1.0,0.0,"[{""ratio"": 1.059973514569507, ""repetition"": 1}, {""ratio"": 1.1963837072178976, ""repetition"": 2}, {""ratio"": 0.7703648501782243, ""repetition"": 3}]","[{""ratio"": 1.1490449985212983, ""repetition"": 1}, {""ratio"": 1.521353628576278, ""repetition"": 2}, {""ratio"": 0.7276471219435129, ""repetition"": 3}]","[{""ratio"": 1.0212126894363516, ""repetition"": 1}, {""ratio"": 1.2252231998683352, ""repetition"": 2}, {""ratio"": 0.7756266450597629, ""repetition"": 3}]","[{""ratio"": 1.0598950838096022, ""repetition"": 1}, {""ratio"": 1.1962790612391772, ""repetition"": 2}, {""ratio"": 0.7704532363525498, ""repetition"": 3}]","[{""ratio"": 1.0, ""repetition"": 1}, {""ratio"": 1.0, ""repetition"": 2}, {""ratio"": 1.0, ""repetition"": 3}]",,,,,,,,,,,,,,,,,,,
original-nonstep,glm,baseline,3,1,75.816256563,73.235919257,76.633225224,10.890930048,10.615901067,11.286427167,38.748278008,37.720531718,41.658858844,75.818343,73.239654,76.63598,79553.500493499,79553.500493499,79553.500493499,0.0,0.0,0.0,Infinity,Infinity,Infinity,220439.0,220439.0,220439.0,186154.0,186154.0,186154.0,110862677.0,110862677.0,110862677.0,90431506.0,90431506.0,90431506.0,0.0,0.0,0.0,0.0,0.0,0.0,0.0,0.0,0.0,0.0,0.0,0.0,0.0,0.0,0.0,0.0,0.0,0.0,0.0,0.0,0.0,0.0,0.0,0.0,0.0,0.0,0.0,0.0,0.0,0.0,0.0,0.0,0.0,True,True,f4c4c9194ca01fc5d44817942c42626b751e8f50a46360f68d85fbe2936cf31c,4680203288137005217,RESOURCE_INITIAL,DISABLED,1.0,1.0,1.0,1.0,,,,,1.0,1.0,1.0,0.0,"[{""ratio"": 1.0, ""repetition"": 1}, {""ratio"": 1.0, ""repetition"": 2}, {""ratio"": 1.0, ""repetition"": 3}]","[{""ratio"": 1.0, ""repetition"": 1}, {""ratio"": 1.0, ""repetition"": 2}, {""ratio"": 1.0, ""repetition"": 3}]","[{""ratio"": 1.0, ""repetition"": 1}, {""ratio"": 1.0, ""repetition"": 2}, {""ratio"": 1.0, ""repetition"": 3}]","[{""ratio"": 1.0, ""repetition"": 1}, {""ratio"": 1.0, ""repetition"": 2}, {""ratio"": 1.0, ""repetition"": 3}]","[{""ratio"": 1.0, ""repetition"": 1}, {""ratio"": 1.0, ""repetition"": 2}, {""ratio"": 1.0, ""repetition"": 3}]",,,,,,,,,,,,,,,,,,,
original-nonstep,glm,dominance,3,1,73.478953852,73.008180145,75.847019785,9.761172583,9.503831909,10.508994536,39.670573726,36.385756643,42.04946512,73.481701,73.011028,75.849904,79553.500493499,79553.500493499,79553.500493499,0.0,0.0,0.0,Infinity,Infinity,Infinity,220439.0,220439.0,220439.0,186154.0,186154.0,186154.0,110862677.0,110862677.0,110862677.0,90431506.0,90431506.0,90431506.0,0.0,0.0,0.0,0.0,0.0,0.0,0.0,0.0,0.0,0.0,0.0,0.0,0.0,0.0,0.0,0.0,0.0,0.0,0.0,0.0,0.0,0.0,0.0,0.0,0.0,0.0,0.0,0.0,0.0,0.0,0.0,0.0,0.0,True,True,f4c4c9194ca01fc5d44817942c42626b751e8f50a46360f68d85fbe2936cf31c,4680203288137005217,RESOURCE_INITIAL,DISABLED,0.9691714835714976,0.8962662086689771,1.0238022375551652,0.9691810463333392,,,,,1.0,1.0,1.0,0.0,"[{""ratio"": 0.9691714835714976, ""repetition"": 1}, {""ratio"": 0.989740671403273, ""repetition"": 2}, {""ratio"": 0.9968903358582716, ""repetition"": 3}]","[{""ratio"": 0.8420584980859073, ""repetition"": 1}, {""ratio"": 0.8962662086689771, ""repetition"": 2}, {""ratio"": 0.989929584843973, ""repetition"": 3}]","[{""ratio"": 1.0238022375551652, ""repetition"": 1}, {""ratio"": 1.0093763076291338, ""repetition"": 2}, {""ratio"": 0.9646140970392777, ""repetition"": 3}]","[{""ratio"": 0.9691810463333392, ""repetition"": 1}, {""ratio"": 0.9897427291984782, ""repetition"": 2}, {""ratio"": 0.996878385034424, ""repetition"": 3}]","[{""ratio"": 1.0, ""repetition"": 1}, {""ratio"": 1.0, ""repetition"": 2}, {""ratio"": 1.0, ""repetition"": 3}]",,,,,,,,,,,,,,,,,,,
original-nonstep,glm,global,3,1,82.026413277,81.477326094,88.750542224,21.713882966,19.578381253,22.502732671,39.653204968,38.527913578,42.267773488,82.028702,81.480013,88.753394,79553.500493499,79553.500493499,79553.500493499,0.0,0.0,0.0,Infinity,Infinity,Infinity,220439.0,220439.0,220439.0,186147.0,186147.0,186147.0,110862677.0,110862677.0,110862677.0,90436786.0,90436786.0,90436786.0,0.0,0.0,0.0,0.0,0.0,0.0,0.0,0.0,0.0,0.0,0.0,0.0,220439.0,220439.0,220439.0,1117.0,1117.0,1117.0,47.0,47.0,47.0,11557215019.0,9894146916.0,12073120969.0,0.0,0.0,0.0,0.0,0.0,0.0,0.0,0.0,0.0,True,True,f4c4c9194ca01fc5d44817942c42626b751e8f50a46360f68d85fbe2936cf31c,4680203288137005217,RESOURCE_INITIAL,APPLIED,1.0819106217522048,1.993758372361185,1.0233539916228835,1.0819110356975223,,,,,0.999962396725292,1.000058386730837,1.0,0.0,"[{""ratio"": 1.0819106217522048, ""repetition"": 1}, {""ratio"": 1.158120932070664, ""repetition"": 2}, {""ratio"": 1.1125323054672012, ""repetition"": 3}]","[{""ratio"": 1.9238934203632203, ""repetition"": 1}, {""ratio"": 2.066190175845669, ""repetition"": 2}, {""ratio"": 1.8442505378898328, ""repetition"": 3}]","[{""ratio"": 0.9943129232748227, ""repetition"": 1}, {""ratio"": 1.0146166904446472, ""repetition"": 2}, {""ratio"": 1.051236638561957, ""repetition"": 3}]","[{""ratio"": 1.0819110356975223, ""repetition"": 1}, {""ratio"": 1.158116513940319, ""repetition"": 2}, {""ratio"": 1.1125122600934187, ""repetition"": 3}]","[{""ratio"": 1.0, ""repetition"": 1}, {""ratio"": 1.0, ""repetition"": 2}, {""ratio"": 1.0, ""repetition"": 3}]",1.0385633333862607,1.952672735432439,0.9501745975449057,1.0385318110695012,,,,,1.0,1.0000614389520082,1.0,0.0,"[{""ratio"": 1.063092359522998, ""repetition"": 1}, {""ratio"": 1.1236997363365224, ""repetition"": 2}, {""ratio"": 0.9922994938571252, ""repetition"": 3}]","[{""ratio"": 2.005767605953316, ""repetition"": 1}, {""ratio"": 2.0236119273641333, ""repetition"": 2}, {""ratio"": 1.7145749328582691, ""repetition"": 3}]","[{""ratio"": 0.963759005285738, ""repetition"": 1}, {""ratio"": 1.0128251851392605, ""repetition"": 2}, {""ratio"": 0.8761171664751218, ""repetition"": 3}]","[{""ratio"": 1.0630868364918709, ""repetition"": 1}, {""ratio"": 1.1236703831956891, ""repetition"": 2}, {""ratio"": 0.9923039944479699, ""repetition"": 3}]","[{""ratio"": 1.0, ""repetition"": 1}, {""ratio"": 1.0, ""repetition"": 2}, {""ratio"": 1.0, ""repetition"": 3}]",0.0,0.0
original-nonstep,glm,local,3,1,78.980655912,77.158313238,82.109611663,11.120083039,10.825722233,11.418795923,41.732545861,39.976709288,45.260162094,78.985257,77.160867,82.111947,79553.500493499,79553.500493499,79553.500493499,0.0,0.0,0.0,Infinity,Infinity,Infinity,220439.0,220439.0,220439.0,186147.0,186147.0,186147.0,110862677.0,110862677.0,110862677.0,90431230.0,90431230.0,90431230.0,0.0,0.0,0.0,0.0,0.0,0.0,0.0,0.0,0.0,0.0,0.0,0.0,0.0,0.0,0.0,0.0,0.0,0.0,0.0,0.0,0.0,0.0,0.0,0.0,0.0,0.0,0.0,0.0,0.0,0.0,0.0,0.0,0.0,True,True,f4c4c9194ca01fc5d44817942c42626b751e8f50a46360f68d85fbe2936cf31c,4680203288137005217,RESOURCE_INITIAL,DISABLED,1.0417377419098834,1.0210407182848524,1.0770167864591005,1.0417697601225604,,,,,0.999962396725292,0.9999969479663426,1.0,0.0,"[{""ratio"": 1.017701436813684, ""repetition"": 1}, {""ratio"": 1.0306320226134087, ""repetition"": 2}, {""ratio"": 1.1211658499821702, ""repetition"": 3}]","[{""ratio"": 0.9591806222480186, ""repetition"": 1}, {""ratio"": 1.0210407182848524, ""repetition"": 2}, {""ratio"": 1.0756313431081073, ""repetition"": 3}]","[{""ratio"": 1.0317028612147972, ""repetition"": 1}, {""ratio"": 1.0017688198631636, ""repetition"": 2}, {""ratio"": 1.1998813386928515, ""repetition"": 3}]","[{""ratio"": 1.0177071134355968, ""repetition"": 1}, {""ratio"": 1.0306550134806132, ""repetition"": 2}, {""ratio"": 1.1211405640993335, ""repetition"": 3}]","[{""ratio"": 1.0, ""repetition"": 1}, {""ratio"": 1.0, ""repetition"": 2}, {""ratio"": 1.0, ""repetition"": 3}]",,,,,,,,,,,,,,,,,,,
original-nonstep,glm,support,3,1,77.883640118,76.238043303,78.046876503,10.777423334,10.72047875,12.575397298,39.898868276,39.240401066,42.320302316,77.886336,76.241618,78.049452,79553.500493499,79553.500493499,79553.500493499,0.0,0.0,0.0,Infinity,Infinity,Infinity,220439.0,220439.0,220439.0,186147.0,186147.0,186147.0,110862677.0,110862677.0,110862677.0,90431230.0,90431230.0,90431230.0,0.0,0.0,0.0,0.0,0.0,0.0,0.0,0.0,0.0,0.0,0.0,0.0,0.0,0.0,0.0,0.0,0.0,0.0,0.0,0.0,0.0,0.0,0.0,0.0,0.0,0.0,0.0,0.0,0.0,0.0,0.0,0.0,0.0,True,True,f4c4c9194ca01fc5d44817942c42626b751e8f50a46360f68d85fbe2936cf31c,4680203288137005217,RESOURCE_INITIAL,DISABLED,1.0272683412334147,0.9895778676844184,1.0296939716330735,1.0272756290651195,,,,,0.999962396725292,0.9999969479663426,1.0,0.0,"[{""ratio"": 1.0055632757289925, ""repetition"": 1}, {""ratio"": 1.0163168767899957, ""repetition"": 2}, {""ratio"": 1.0656912249454717, ""repetition"": 3}]","[{""ratio"": 0.9498558393523544, ""repetition"": 1}, {""ratio"": 1.1546669790895714, ""repetition"": 2}, {""ratio"": 1.015215125497175, ""repetition"": 3}]","[{""ratio"": 1.0127005142757155, ""repetition"": 1}, {""ratio"": 0.9577523096686196, ""repetition"": 2}, {""ratio"": 1.1219434188358757, ""repetition"": 3}]","[{""ratio"": 1.0055827519206006, ""repetition"": 1}, {""ratio"": 1.0163155217692785, ""repetition"": 2}, {""ratio"": 1.0656720470033898, ""repetition"": 3}]","[{""ratio"": 1.0, ""repetition"": 1}, {""ratio"": 1.0, ""repetition"": 2}, {""ratio"": 1.0, ""repetition"": 3}]",,,,,,,,,,,,,,,,,,,
original-nonstep,gmm,baseline,3,1,6.226722593,5.886581935,12.078158645,0.214668904,0.196808059,0.599430893,4.058315852,3.876636548,7.66199903,6.22899,5.889142,12.081582,8225.238572352795,8225.238572352795,8225.238572352795,8225.23857235275,8225.23857235275,8225.23857235275,5.528682808240882e-15,5.528682808240882e-15,5.528682808240882e-15,1209.0,1209.0,1209.0,1107.0,1107.0,1107.0,27575.0,27575.0,27575.0,21830.0,21830.0,21830.0,137558.0,137558.0,137558.0,137558.0,137558.0,137558.0,0.0,0.0,0.0,0.0,0.0,0.0,0.0,0.0,0.0,0.0,0.0,0.0,0.0,0.0,0.0,0.0,0.0,0.0,54734.0,54734.0,54734.0,61238.0,61238.0,61238.0,1960.0,1960.0,1960.0,True,True,7500541ab48bef409181158cd4c42b3c66389e6792f1c958c439acd5ead11d56,4665747487054230142,TARGET_REACHED,DISABLED,1.0,1.0,1.0,1.0,1.0,1.0,1.0,1.0,1.0,1.0,1.0,0.0,"[{""ratio"": 1.0, ""repetition"": 1}, {""ratio"": 1.0, ""repetition"": 2}, {""ratio"": 1.0, ""repetition"": 3}]","[{""ratio"": 1.0, ""repetition"": 1}, {""ratio"": 1.0, ""repetition"": 2}, {""ratio"": 1.0, ""repetition"": 3}]","[{""ratio"": 1.0, ""repetition"": 1}, {""ratio"": 1.0, ""repetition"": 2}, {""ratio"": 1.0, ""repetition"": 3}]","[{""ratio"": 1.0, ""repetition"": 1}, {""ratio"": 1.0, ""repetition"": 2}, {""ratio"": 1.0, ""repetition"": 3}]","[{""ratio"": 1.0, ""repetition"": 1}, {""ratio"": 1.0, ""repetition"": 2}, {""ratio"": 1.0, ""repetition"": 3}]",,,,,,,,,,,,,,,,,,,
original-nonstep,gmm,dominance,3,1,6.441010841,5.503020512,11.223531298,0.293608867,0.222081771,0.477368429,3.969837864,3.364443416,7.360236632,6.444225,5.504781,11.226846,8225.238572352795,8225.238572352795,8225.238572352795,8225.23857235275,8225.23857235275,8225.23857235275,5.528682808240882e-15,5.528682808240882e-15,5.528682808240882e-15,1209.0,1209.0,1209.0,1107.0,1107.0,1107.0,27575.0,27575.0,27575.0,21830.0,21830.0,21830.0,137558.0,137558.0,137558.0,137558.0,137558.0,137558.0,0.0,0.0,0.0,0.0,0.0,0.0,0.0,0.0,0.0,0.0,0.0,0.0,0.0,0.0,0.0,0.0,0.0,0.0,54734.0,54734.0,54734.0,61238.0,61238.0,61238.0,1960.0,1960.0,1960.0,True,True,7500541ab48bef409181158cd4c42b3c66389e6792f1c958c439acd5ead11d56,4665747487054230142,TARGET_REACHED,DISABLED,1.0344142917561319,1.3677289142911915,0.9781983484709805,1.0345537559058533,1.0,1.0,1.0,1.0,1.0,1.0,1.0,0.0,"[{""ratio"": 0.8837747996331848, ""repetition"": 1}, {""ratio"": 0.9292419174048694, ""repetition"": 2}, {""ratio"": 1.0941852015519427, ""repetition"": 3}]","[{""ratio"": 1.1284180745870778, ""repetition"": 1}, {""ratio"": 0.7963694140135017, ""repetition"": 2}, {""ratio"": 1.3677289142911915, ""repetition"": 3}]","[{""ratio"": 0.8290245359640874, ""repetition"": 1}, {""ratio"": 0.9606157091878411, ""repetition"": 2}, {""ratio"": 1.0240417988237984, ""repetition"": 3}]","[{""ratio"": 0.8837357260165775, ""repetition"": 1}, {""ratio"": 0.9292529736585822, ""repetition"": 2}, {""ratio"": 1.0942553261578682, ""repetition"": 3}]","[{""ratio"": 1.0, ""repetition"": 1}, {""ratio"": 1.0, ""repetition"": 2}, {""ratio"": 1.0, ""repetition"": 3}]",,,,,,,,,,,,,,,,,,,
original-nonstep,gmm,global,3,1,6.093009381,5.899036768,6.16964753,0.263310413,0.259287991,0.334819811,3.805403067,3.639602722,3.849802061,6.095569,5.900977,6.172857,8225.238572352795,8225.238572352795,8225.238572352795,8225.238572352751,8225.238572352751,8225.238572352751,5.307535495911246e-15,5.307535495911246e-15,5.307535495911246e-15,1209.0,1209.0,1209.0,766.0,766.0,766.0,27575.0,27575.0,27575.0,6570.0,6570.0,6570.0,4041.0,4041.0,4041.0,8144.0,8144.0,8144.0,923.0,923.0,923.0,0.0,0.0,0.0,1209.0,1209.0,1209.0,73.0,73.0,73.0,7.0,7.0,7.0,81274757.0,79815438.0,120716899.0,8078.0,8078.0,8078.0,8822.0,8822.0,8822.0,2124.0,2124.0,2124.0,True,True,7500541ab48bef409181158cd4c42b3c66389e6792f1c958c439acd5ead11d56,4665747487054230142,TARGET_REACHED,APPLIED,0.9785259082923786,1.226588518847611,0.9376803594832668,0.978580636668224,0.029376699283211447,0.059204117535875775,0.14758650929952133,1.083673469387755,0.6919602529358627,0.30096197892808063,1.0,0.0,"[{""ratio"": 0.9785259082923786, ""repetition"": 1}, {""ratio"": 0.5108102742593178, ""repetition"": 2}, {""ratio"": 1.0021158004997683, ""repetition"": 3}]","[{""ratio"": 1.317466328957596, ""repetition"": 1}, {""ratio"": 0.558562821686269, ""repetition"": 2}, {""ratio"": 1.226588518847611, ""repetition"": 3}]","[{""ratio"": 0.9376803594832668, ""repetition"": 1}, {""ratio"": 0.502454000049645, ""repetition"": 2}, {""ratio"": 0.9388558037192606, ""repetition"": 3}]","[{""ratio"": 0.978580636668224, ""repetition"": 1}, {""ratio"": 0.5109311843432425, ""repetition"": 2}, {""ratio"": 1.0020096306049338, ""repetition"": 3}]","[{""ratio"": 1.0, ""repetition"": 1}, {""ratio"": 1.0, ""repetition"": 2}, {""ratio"": 1.0, ""repetition"": 3}]",0.9224367236643861,1.111822357929279,0.8643796833821656,0.9224331135741333,0.0550507458619985,0.059204117535875775,0.14758650929952133,1.083673469387755,0.6919602529358627,0.30096197892808063,1.0,0.0,"[{""ratio"": 0.9224367236643861, ""repetition"": 1}, {""ratio"": 0.958059111335548, ""repetition"": 2}, {""ratio"": 0.8751417731962536, ""repetition"": 3}]","[{""ratio"": 0.9320320104451084, ""repetition"": 1}, {""ratio"": 1.5225558717203438, ""repetition"": 2}, {""ratio"": 1.111822357929279, ""repetition"": 3}]","[{""ratio"": 0.9117707772505945, ""repetition"": 1}, {""ratio"": 0.8744647092520959, ""repetition"": 2}, {""ratio"": 0.8259159566423675, ""repetition"": 3}]","[{""ratio"": 0.9224331135741333, ""repetition"": 1}, {""ratio"": 0.9582238560889217, ""repetition"": 2}, {""ratio"": 0.875109871132488, ""repetition"": 3}]","[{""ratio"": 1.0, ""repetition"": 1}, {""ratio"": 1.0, ""repetition"": 2}, {""ratio"": 1.0, ""repetition"": 3}]",341.0,30.80397470641373
original-nonstep,gmm,local,3,1,6.605341293,6.439735771,6.74066414,0.236827773,0.21990642,0.278196444,4.402467041,4.173640088,4.40674707,6.608142,6.441978,6.743127,8225.238572352795,8225.238572352795,8225.238572352795,8225.23857235275,8225.23857235275,8225.23857235275,5.528682808240882e-15,5.528682808240882e-15,5.528682808240882e-15,1209.0,1209.0,1209.0,1107.0,1107.0,1107.0,27575.0,27575.0,27575.0,21830.0,21830.0,21830.0,73405.0,73405.0,73405.0,137558.0,137558.0,137558.0,21240.0,21240.0,21240.0,134.0,134.0,134.0,0.0,0.0,0.0,0.0,0.0,0.0,0.0,0.0,0.0,0.0,0.0,0.0,54734.0,54734.0,54734.0,61238.0,61238.0,61238.0,1960.0,1960.0,1960.0,True,True,7500541ab48bef409181158cd4c42b3c66389e6792f1c958c439acd5ead11d56,4665747487054230142,TARGET_REACHED,DISABLED,1.060805454931562,1.1032234691988738,1.0848014796163286,1.0608689370186821,0.5336294508498234,1.0,1.0,1.0,1.0,1.0,1.0,0.0,"[{""ratio"": 1.060805454931562, ""repetition"": 1}, {""ratio"": 0.5331719809514059, ""repetition"": 2}, {""ratio"": 1.1450896656889904, ""repetition"": 3}]","[{""ratio"": 1.41354193224374, ""repetition"": 1}, {""ratio"": 0.3668586697282551, ""repetition"": 2}, {""ratio"": 1.1032234691988738, ""repetition"": 3}]","[{""ratio"": 1.0284167719334034, ""repetition"": 1}, {""ratio"": 0.5745846513112911, ""repetition"": 2}, {""ratio"": 1.136744963175227, ""repetition"": 3}]","[{""ratio"": 1.0608689370186821, ""repetition"": 1}, {""ratio"": 0.5332064956393956, ""repetition"": 2}, {""ratio"": 1.14501008805697, ""repetition"": 3}]","[{""ratio"": 1.0, ""repetition"": 1}, {""ratio"": 1.0, ""repetition"": 2}, {""ratio"": 1.0, ""repetition"": 3}]",,,,,,,,,,,,,,,,,,,
original-nonstep,gmm,support,3,1,6.036745278,5.952009809,7.599457118,0.27406989,0.217968111,0.28414254,3.718750737,3.690773248,5.063310165,6.038778,5.954212,7.602537,8225.238572352795,8225.238572352795,8225.238572352795,8225.23857235275,8225.23857235275,8225.23857235275,5.528682808240882e-15,5.528682808240882e-15,5.528682808240882e-15,1209.0,1209.0,1209.0,1107.0,1107.0,1107.0,27575.0,27575.0,27575.0,21830.0,21830.0,21830.0,137558.0,137558.0,137558.0,137558.0,137558.0,137558.0,0.0,0.0,0.0,0.0,0.0,0.0,0.0,0.0,0.0,0.0,0.0,0.0,0.0,0.0,0.0,0.0,0.0,0.0,54734.0,54734.0,54734.0,61238.0,61238.0,61238.0,1960.0,1960.0,1960.0,True,True,7500541ab48bef409181158cd4c42b3c66389e6792f1c958c439acd5ead11d56,4665747487054230142,TARGET_REACHED,DISABLED,0.9694899986047925,1.276709783732813,0.9163285640193193,0.9694634282604403,1.0,1.0,1.0,1.0,1.0,1.0,1.0,0.0,"[{""ratio"": 0.9694899986047925, ""repetition"": 1}, {""ratio"": 0.6291900397537791, ""repetition"": 2}, {""ratio"": 1.0111147478659872, ""repetition"": 3}]","[{""ratio"": 1.4437545974679826, ""repetition"": 1}, {""ratio"": 0.45721682549317655, ""repetition"": 2}, {""ratio"": 1.015368816528732, ""repetition"": 3}]","[{""ratio"": 0.9094346971986251, ""repetition"": 1}, {""ratio"": 0.6608340911001134, ""repetition"": 2}, {""ratio"": 0.9592724752385016, ""repetition"": 3}]","[{""ratio"": 0.9694634282604403, ""repetition"": 1}, {""ratio"": 0.6292666804728057, ""repetition"": 2}, {""ratio"": 1.0110491477366312, ""repetition"": 3}]","[{""ratio"": 1.0, ""repetition"": 1}, {""ratio"": 1.0, ""repetition"": 2}, {""ratio"": 1.0, ""repetition"": 3}]",,,,,,,,,,,,,,,,,,,
original-nonstep,gnmf,baseline,3,1,3.091632489,2.837888338,3.552293054,0.258190885,0.230672782,0.332391454,1.695524135,1.460232949,1.96739975,3.094077,2.839667,3.55422,10947.47267402624,10947.47267402624,10947.47267402624,10947.472674026232,10947.472674026232,10947.472674026232,6.646244143131071e-16,6.646244143131071e-16,6.646244143131071e-16,692.0,692.0,692.0,579.0,579.0,579.0,21429.0,21429.0,21429.0,16201.0,16201.0,16201.0,2350911.0,2350911.0,2350911.0,2350911.0,2350911.0,2350911.0,0.0,0.0,0.0,0.0,0.0,0.0,0.0,0.0,0.0,0.0,0.0,0.0,0.0,0.0,0.0,0.0,0.0,0.0,290857.0,290857.0,290857.0,252537.0,252537.0,252537.0,587.0,587.0,587.0,True,True,1ee5554b08b1b0c7ab2f088d7beccaa7302c2a613ba216c5d4480e8645d1e063,4667244051078389295,TARGET_REACHED,DISABLED,1.0,1.0,1.0,1.0,1.0,1.0,1.0,1.0,1.0,1.0,1.0,0.0,"[{""ratio"": 1.0, ""repetition"": 1}, {""ratio"": 1.0, ""repetition"": 2}, {""ratio"": 1.0, ""repetition"": 3}]","[{""ratio"": 1.0, ""repetition"": 1}, {""ratio"": 1.0, ""repetition"": 2}, {""ratio"": 1.0, ""repetition"": 3}]","[{""ratio"": 1.0, ""repetition"": 1}, {""ratio"": 1.0, ""repetition"": 2}, {""ratio"": 1.0, ""repetition"": 3}]","[{""ratio"": 1.0, ""repetition"": 1}, {""ratio"": 1.0, ""repetition"": 2}, {""ratio"": 1.0, ""repetition"": 3}]","[{""ratio"": 1.0, ""repetition"": 1}, {""ratio"": 1.0, ""repetition"": 2}, {""ratio"": 1.0, ""repetition"": 3}]",,,,,,,,,,,,,,,,,,,
original-nonstep,gnmf,dominance,3,1,3.519974735,2.985999682,3.623810941,0.322465184,0.261348963,0.369111965,1.887422265,1.462052985,2.095879589,3.521998,2.988381,3.625733,10947.47267402624,10947.47267402624,10947.47267402624,10947.472674026232,10947.472674026232,10947.472674026232,6.646244143131071e-16,6.646244143131071e-16,6.646244143131071e-16,692.0,692.0,692.0,579.0,579.0,579.0,21429.0,21429.0,21429.0,16201.0,16201.0,16201.0,2350911.0,2350911.0,2350911.0,2350911.0,2350911.0,2350911.0,0.0,0.0,0.0,0.0,0.0,0.0,0.0,0.0,0.0,0.0,0.0,0.0,0.0,0.0,0.0,0.0,0.0,0.0,290857.0,290857.0,290857.0,252537.0,252537.0,252537.0,587.0,587.0,587.0,True,True,1ee5554b08b1b0c7ab2f088d7beccaa7302c2a613ba216c5d4480e8645d1e063,4667244051078389295,TARGET_REACHED,DISABLED,1.1385488888229882,1.24894100734811,1.113179238230071,1.1383032807522244,1.0,1.0,1.0,1.0,1.0,1.0,1.0,0.0,"[{""ratio"": 1.2403499770821498, ""repetition"": 1}, {""ratio"": 1.020132879217121, ""repetition"": 2}, {""ratio"": 0.9658326766276908, ""repetition"": 3}]","[{""ratio"": 1.6001539574790407, ""repetition"": 1}, {""ratio"": 0.7862685994327641, ""repetition"": 2}, {""ratio"": 1.24894100734811, ""repetition"": 3}]","[{""ratio"": 1.292548744563358, ""repetition"": 1}, {""ratio"": 1.0653043892071248, ""repetition"": 2}, {""ratio"": 0.8623014882651611, ""repetition"": 3}]","[{""ratio"": 1.2402855686952026, ""repetition"": 1}, {""ratio"": 1.0201205890462606, ""repetition"": 2}, {""ratio"": 0.9658392470517055, ""repetition"": 3}]","[{""ratio"": 1.0, ""repetition"": 1}, {""ratio"": 1.0, ""repetition"": 2}, {""ratio"": 1.0, ""repetition"": 3}]",,,,,,,,,,,,,,,,,,,
original-nonstep,gnmf,global,3,1,3.286968461,2.993311165,3.762657421,0.180873895,0.167987907,0.249519333,1.937461137,1.645867596,2.111864459,3.289306,2.995836,3.765376,11206.62204829849,11206.62204829849,11206.62204829849,10884.50769683063,10884.50769683063,10884.50769683063,0.029593837446745944,0.029593837446745944,0.029593837446745944,692.0,692.0,692.0,343.0,343.0,343.0,21429.0,21429.0,21429.0,4718.0,4718.0,4718.0,39092.0,39092.0,39092.0,88065.0,88065.0,88065.0,7406.0,7406.0,7406.0,5.0,5.0,5.0,692.0,692.0,692.0,193.0,193.0,193.0,19.0,19.0,19.0,55679705.0,53696614.0,77679315.0,13280.0,13280.0,13280.0,9092.0,9092.0,9092.0,603.0,603.0,603.0,True,True,de5e878a4df5e988ff5fe7d673fb199c17de7d8a8272eb63fd2ee397c58be307,4667386519953560902,TARGET_REACHED,APPLIED,1.0631821449331391,0.7005433015189518,1.1426915707100802,1.0630976540015002,0.016628447440162557,0.0374599463782338,0.045658175667080386,1.0272572402044293,0.5924006908462867,0.2912165915684217,1.023672073179694,2.3672073179693998,"[{""ratio"": 1.158244465431113, ""repetition"": 1}, {""ratio"": 1.0592193165941426, ""repetition"": 2}, {""ratio"": 0.9681976029331344, ""repetition"": 3}]","[{""ratio"": 0.7282519660251897, ""repetition"": 1}, {""ratio"": 0.7506791465222208, ""repetition"": 2}, {""ratio"": 0.7005433015189518, ""repetition"": 3}]","[{""ratio"": 1.3268164770058206, ""repetition"": 1}, {""ratio"": 1.0734292606268756, ""repetition"": 2}, {""ratio"": 0.9707131629830795, ""repetition"": 3}]","[{""ratio"": 1.1583421577248318, ""repetition"": 1}, {""ratio"": 1.0594099408590352, ""repetition"": 2}, {""ratio"": 0.9682486893506529, ""repetition"": 3}]","[{""ratio"": 1.023672073179694, ""repetition"": 1}, {""ratio"": 1.023672073179694, ""repetition"": 2}, {""ratio"": 1.023672073179694, ""repetition"": 3}]",1.003971381143355,0.812348800304959,1.0421065668922693,1.0040086405693471,0.07719726456433862,0.05098673354894066,0.05407496386179938,1.0307692307692307,0.5965217391304348,0.2922266955713843,1.023672073179694,2.3672073179693998,"[{""ratio"": 0.9366295645471971, ""repetition"": 1}, {""ratio"": 1.1492657786504585, ""repetition"": 2}, {""ratio"": 1.035138053977824, ""repetition"": 3}]","[{""ratio"": 0.6020828037998259, ""repetition"": 1}, {""ratio"": 1.1206522136068535, ""repetition"": 2}, {""ratio"": 0.9402329398648654, ""repetition"": 3}]","[{""ratio"": 0.9772273718937333, ""repetition"": 1}, {""ratio"": 1.1359132728298382, ""repetition"": 2}, {""ratio"": 1.150389774567945, ""repetition"": 3}]","[{""ratio"": 0.9366524212305596, ""repetition"": 1}, {""ratio"": 1.1493214796654512, ""repetition"": 2}, {""ratio"": 1.0352738062079743, ""repetition"": 3}]","[{""ratio"": 1.023672073179694, ""repetition"": 1}, {""ratio"": 1.023672073179694, ""repetition"": 2}, {""ratio"": 1.023672073179694, ""repetition"": 3}]",232.0,40.34782608695652
original-nonstep,gnmf,local,3,1,3.273966293,2.891702371,3.509358006,0.222655459,0.192371366,0.279011302,1.859177553,1.430704299,1.982610386,3.276173,2.893762,3.511768,10947.47267402624,10947.47267402624,10947.47267402624,10947.47267402623,10947.47267402623,10947.47267402623,8.307805178913839e-16,8.307805178913839e-16,8.307805178913839e-16,692.0,692.0,692.0,575.0,575.0,575.0,21429.0,21429.0,21429.0,16145.0,16145.0,16145.0,506391.0,506391.0,506391.0,1727214.0,1727214.0,1727214.0,137846.0,137846.0,137846.0,11147.0,11147.0,11147.0,0.0,0.0,0.0,0.0,0.0,0.0,0.0,0.0,0.0,0.0,0.0,0.0,245585.0,245585.0,245585.0,229577.0,229577.0,229577.0,585.0,585.0,585.0,True,True,1ee5554b08b1b0c7ab2f088d7beccaa7302c2a613ba216c5d4480e8645d1e063,4667244051078389295,TARGET_REACHED,DISABLED,1.0589765454492868,0.8623676199878242,1.0965208425063204,1.0588530925377746,0.21540202925589272,0.7346998674131007,0.844349628855417,0.9965928449744463,0.9930915371329879,0.9965434232454786,1.0,0.0,"[{""ratio"": 1.236608910579342, ""repetition"": 1}, {""ratio"": 0.921648705000114, ""repetition"": 2}, {""ratio"": 0.9353318614966851, ""repetition"": 3}]","[{""ratio"": 1.209554502186565, ""repetition"": 1}, {""ratio"": 0.6698591564872183, ""repetition"": 2}, {""ratio"": 0.7450741957834801, ""repetition"": 3}]","[{""ratio"": 1.3577356868695065, ""repetition"": 1}, {""ratio"": 0.9449922686022503, ""repetition"": 2}, {""ratio"": 0.8438124055367693, ""repetition"": 3}]","[{""ratio"": 1.2366830336092225, ""repetition"": 1}, {""ratio"": 0.9217698960672103, ""repetition"": 2}, {""ratio"": 0.9352585601457236, ""repetition"": 3}]","[{""ratio"": 1.0, ""repetition"": 1}, {""ratio"": 1.0, ""repetition"": 2}, {""ratio"": 1.0, ""repetition"": 3}]",,,,,,,,,,,,,,,,,,,
original-nonstep,gnmf,support,3,1,3.269456601,2.925152924,3.270561946,0.255576605,0.22658797,0.259040953,1.731906069,1.584532598,1.805549167,3.272353,2.927185,3.272619,10947.47267402624,10947.47267402624,10947.47267402624,10947.47267402623,10947.47267402623,10947.47267402623,8.307805178913839e-16,8.307805178913839e-16,8.307805178913839e-16,692.0,692.0,692.0,575.0,575.0,575.0,21429.0,21429.0,21429.0,16145.0,16145.0,16145.0,1727214.0,1727214.0,1727214.0,1727214.0,1727214.0,1727214.0,0.0,0.0,0.0,0.0,0.0,0.0,0.0,0.0,0.0,0.0,0.0,0.0,0.0,0.0,0.0,0.0,0.0,0.0,245585.0,245585.0,245585.0,229577.0,229577.0,229577.0,585.0,585.0,585.0,True,True,1ee5554b08b1b0c7ab2f088d7beccaa7302c2a613ba216c5d4480e8645d1e063,4667244051078389295,TARGET_REACHED,DISABLED,1.0575178688387756,0.989874623188189,1.021457632627565,1.0576184755583005,0.7346998674131007,0.7346998674131007,0.844349628855417,0.9965928449744463,0.9930915371329879,0.9965434232454786,1.0,0.0,"[{""ratio"": 1.1524632249290423, ""repetition"": 1}, {""ratio"": 0.8234548443873966, ""repetition"": 2}, {""ratio"": 1.0575178688387756, ""repetition"": 3}]","[{""ratio"": 1.1079616883451817, ""repetition"": 1}, {""ratio"": 0.6816901195059004, ""repetition"": 2}, {""ratio"": 1.0032924012789997, ""repetition"": 3}]","[{""ratio"": 1.236480226142329, ""repetition"": 1}, {""ratio"": 0.8053943272077777, ""repetition"": 2}, {""ratio"": 1.021457632627565, ""repetition"": 3}]","[{""ratio"": 1.1524657644716794, ""repetition"": 1}, {""ratio"": 0.8235801385395389, ""repetition"": 2}, {""ratio"": 1.0576184755583005, ""repetition"": 3}]","[{""ratio"": 1.0, ""repetition"": 1}, {""ratio"": 1.0, ""repetition"": 2}, {""ratio"": 1.0, ""repetition"": 3}]",,,,,,,,,,,,,,,,,,,
original-nonstep,kmeans,baseline,3,1,6.086267915,5.428368207,6.387435431,0.765197861,0.59060198,0.838266548,3.143903358,3.04444892,3.283034618,6.088326,5.430631,6.390506,2758.985992688289,2758.985992688289,2758.985992688289,2758.985992688289,2758.985992688289,2758.985992688289,0.0,0.0,0.0,1970.0,1970.0,1970.0,1696.0,1696.0,1696.0,75932.0,75932.0,75932.0,52244.0,52244.0,52244.0,15583870.0,15583870.0,15583870.0,15583870.0,15583870.0,15583870.0,0.0,0.0,0.0,0.0,0.0,0.0,0.0,0.0,0.0,0.0,0.0,0.0,0.0,0.0,0.0,0.0,0.0,0.0,1615933.0,1615933.0,1615933.0,611228.0,611228.0,611228.0,2072.0,2072.0,2072.0,True,True,5814185bc6340169f13539f627878f87327b1429c600bcbffcb74c66df6948ec,4658285489433386136,EXACT,DISABLED,1.0,1.0,1.0,1.0,1.0,1.0,1.0,1.0,1.0,1.0,1.0,0.0,"[{""ratio"": 1.0, ""repetition"": 1}, {""ratio"": 1.0, ""repetition"": 2}, {""ratio"": 1.0, ""repetition"": 3}]","[{""ratio"": 1.0, ""repetition"": 1}, {""ratio"": 1.0, ""repetition"": 2}, {""ratio"": 1.0, ""repetition"": 3}]","[{""ratio"": 1.0, ""repetition"": 1}, {""ratio"": 1.0, ""repetition"": 2}, {""ratio"": 1.0, ""repetition"": 3}]","[{""ratio"": 1.0, ""repetition"": 1}, {""ratio"": 1.0, ""repetition"": 2}, {""ratio"": 1.0, ""repetition"": 3}]","[{""ratio"": 1.0, ""repetition"": 1}, {""ratio"": 1.0, ""repetition"": 2}, {""ratio"": 1.0, ""repetition"": 3}]",,,,,,,,,,,,,,,,,,,
original-nonstep,kmeans,dominance,3,1,5.845052397,5.704853273,5.964545663,0.685258061,0.657022566,0.686442954,3.160622188,3.024516021,3.383740224,5.847512,5.706891,5.967223,2758.985992688289,2758.985992688289,2758.985992688289,2758.985992688289,2758.985992688289,2758.985992688289,0.0,0.0,0.0,1970.0,1970.0,1970.0,1696.0,1696.0,1696.0,75932.0,75932.0,75932.0,52244.0,52244.0,52244.0,15583870.0,15583870.0,15583870.0,15583870.0,15583870.0,15583870.0,0.0,0.0,0.0,0.0,0.0,0.0,0.0,0.0,0.0,0.0,0.0,0.0,0.0,0.0,0.0,0.0,0.0,0.0,1615933.0,1615933.0,1615933.0,611228.0,611228.0,611228.0,2072.0,2072.0,2072.0,True,True,5814185bc6340169f13539f627878f87327b1429c600bcbffcb74c66df6948ec,4658285489433386136,EXACT,DISABLED,0.9603672527452318,0.8955305495816068,1.0053178574835824,0.9604465989501876,1.0,1.0,1.0,1.0,1.0,1.0,1.0,0.0,"[{""ratio"": 1.0509333662450286, ""repetition"": 1}, {""ratio"": 0.9337934962210971, ""repetition"": 2}, {""ratio"": 0.9603672527452318, ""repetition"": 3}]","[{""ratio"": 1.1124625183274868, ""repetition"": 1}, {""ratio"": 0.8174703650467035, ""repetition"": 2}, {""ratio"": 0.8970790288186653, ""repetition"": 3}]","[{""ratio"": 1.0381590465311537, ""repetition"": 1}, {""ratio"": 1.0306745489212505, ""repetition"": 2}, {""ratio"": 0.9620257611620897, ""repetition"": 3}]","[{""ratio"": 1.0508706999241892, ""repetition"": 1}, {""ratio"": 0.9337637739484165, ""repetition"": 2}, {""ratio"": 0.9604465989501876, ""repetition"": 3}]","[{""ratio"": 1.0, ""repetition"": 1}, {""ratio"": 1.0, ""repetition"": 2}, {""ratio"": 1.0, ""repetition"": 3}]",,,,,,,,,,,,,,,,,,,
original-nonstep,kmeans,global,3,1,5.664987344,5.427768509,5.911875254,0.606076554,0.605331079,0.64187825,3.03294885,2.880903328,3.329789994,5.667058,5.429495,5.913541,2758.985992688289,2758.985992688289,2758.985992688289,2758.985992688289,2758.985992688289,2758.985992688289,0.0,0.0,0.0,1970.0,1970.0,1970.0,1671.0,1671.0,1671.0,75932.0,75932.0,75932.0,49807.0,49807.0,49807.0,3927516.0,3927516.0,3927516.0,15377786.0,15377786.0,15377786.0,1273589.0,1273589.0,1273589.0,9680.0,9680.0,9680.0,1970.0,1970.0,1970.0,25.0,25.0,25.0,8.0,8.0,8.0,134911863.0,129231931.0,148289315.0,1573812.0,1573812.0,1573812.0,591103.0,591103.0,591103.0,2077.0,2077.0,2077.0,True,True,5814185bc6340169f13539f627878f87327b1429c600bcbffcb74c66df6948ec,4658285489433386136,EXACT,APPLIED,0.9307817899435997,0.79205207553501,0.9647080411305695,0.9308072530938717,0.25202443295535704,0.9867758137099449,0.9739339440434721,1.0024131274131274,0.9852594339622641,0.9533534951381977,1.0,0.0,"[{""ratio"": 0.9998895251801035, ""repetition"": 1}, {""ratio"": 0.8868954379571872, ""repetition"": 2}, {""ratio"": 0.9713465356051452, ""repetition"": 3}]","[{""ratio"": 1.0262013581464797, ""repetition"": 1}, {""ratio"": 0.7221224328278933, ""repetition"": 2}, {""ratio"": 0.8388395769444003, ""repetition"": 3}]","[{""ratio"": 0.9462807239347607, ""repetition"": 1}, {""ratio"": 0.9238248154226438, ""repetition"": 2}, {""ratio"": 1.0591260655411023, ""repetition"": 3}]","[{""ratio"": 0.999790816205336, ""repetition"": 1}, {""ratio"": 0.8867933149581582, ""repetition"": 2}, {""ratio"": 0.9712917803678712, ""repetition"": 3}]","[{""ratio"": 1.0, ""repetition"": 1}, {""ratio"": 1.0, ""repetition"": 2}, {""ratio"": 1.0, ""repetition"": 3}]",0.9323519056071538,0.9635780421529156,0.856837743663497,0.9323111521665278,0.9688499064579534,0.9867758137099449,0.9739339440434721,1.0024131274131274,0.9852594339622641,0.9533534951381977,1.0,0.0,"[{""ratio"": 0.9454637917303902, ""repetition"": 1}, {""ratio"": 0.8887806052730344, ""repetition"": 2}, {""ratio"": 0.9729850790605183, ""repetition"": 3}]","[{""ratio"": 0.8359994505777283, ""repetition"": 1}, {""ratio"": 0.9623928398278412, ""repetition"": 2}, {""ratio"": 1.2968972884308747, ""repetition"": 3}]","[{""ratio"": 0.9214119213055231, ""repetition"": 1}, {""ratio"": 0.856837743663497, ""repetition"": 2}, {""ratio"": 0.9305465620025916, ""repetition"": 3}]","[{""ratio"": 0.9454990147959108, ""repetition"": 1}, {""ratio"": 0.8888015135349111, ""repetition"": 2}, {""ratio"": 0.9728610900213129, ""repetition"": 3}]","[{""ratio"": 1.0, ""repetition"": 1}, {""ratio"": 1.0, ""repetition"": 2}, {""ratio"": 1.0, ""repetition"": 3}]",25.0,1.474056603773585
original-nonstep,kmeans,local,3,1,6.076018411,5.740852856,6.373887223,0.628985435,0.494933759,0.724972431,3.539700337,3.126618249,3.578316368,6.078505,5.742465,6.376067,2758.985992688289,2758.985992688289,2758.985992688289,2758.985992688289,2758.985992688289,2758.985992688289,0.0,0.0,0.0,1970.0,1970.0,1970.0,1696.0,1696.0,1696.0,75932.0,75932.0,75932.0,52244.0,52244.0,52244.0,4053792.0,4053792.0,4053792.0,15583870.0,15583870.0,15583870.0,1295080.0,1295080.0,1295080.0,12789.0,12789.0,12789.0,0.0,0.0,0.0,0.0,0.0,0.0,0.0,0.0,0.0,0.0,0.0,0.0,1615933.0,1615933.0,1615933.0,611228.0,611228.0,611228.0,2072.0,2072.0,2072.0,True,True,5814185bc6340169f13539f627878f87327b1429c600bcbffcb74c66df6948ec,4658285489433386136,EXACT,DISABLED,0.9983159624020593,0.8219905818581478,1.1258934941472842,0.9983869129215485,0.26012742662766053,1.0,1.0,1.0,1.0,1.0,1.0,0.0,"[{""ratio"": 1.0575651166398485, ""repetition"": 1}, {""ratio"": 0.9978789283827048, ""repetition"": 2}, {""ratio"": 0.9983159624020593, ""repetition"": 3}]","[{""ratio"": 1.2275143930265862, ""repetition"": 1}, {""ratio"": 0.7503406124229594, ""repetition"": 2}, {""ratio"": 0.6468049431727305, ""repetition"": 3}]","[{""ratio"": 1.0269898859068394, ""repetition"": 1}, {""ratio"": 1.0781794129104734, ""repetition"": 2}, {""ratio"": 1.138176324311811, ""repetition"": 3}]","[{""ratio"": 1.057421319916599, ""repetition"": 1}, {""ratio"": 0.9977405545038217, ""repetition"": 2}, {""ratio"": 0.9983869129215485, ""repetition"": 3}]","[{""ratio"": 1.0, ""repetition"": 1}, {""ratio"": 1.0, ""repetition"": 2}, {""ratio"": 1.0, ""repetition"": 3}]",,,,,,,,,,,,,,,,,,,
original-nonstep,kmeans,support,3,1,5.742435876,5.548508565,6.238917704,0.638800878,0.635763575,0.666048021,3.262905844,2.911483043,3.599528323,5.744204,5.550235,6.240883,2758.985992688289,2758.985992688289,2758.985992688289,2758.985992688289,2758.985992688289,2758.985992688289,0.0,0.0,0.0,1970.0,1970.0,1970.0,1696.0,1696.0,1696.0,75932.0,75932.0,75932.0,52244.0,52244.0,52244.0,15583870.0,15583870.0,15583870.0,15583870.0,15583870.0,15583870.0,0.0,0.0,0.0,0.0,0.0,0.0,0.0,0.0,0.0,0.0,0.0,0.0,0.0,0.0,0.0,0.0,0.0,0.0,1615933.0,1615933.0,1615933.0,611228.0,611228.0,611228.0,2072.0,2072.0,2072.0,True,True,5814185bc6340169f13539f627878f87327b1429c600bcbffcb74c66df6948ec,4658285489433386136,EXACT,DISABLED,0.9435069169149449,0.8348179086193237,1.0378518269962673,0.9434783879838234,1.0,1.0,1.0,1.0,1.0,1.0,1.0,0.0,"[{""ratio"": 1.0578567365041676, ""repetition"": 1}, {""ratio"": 0.9767484574044848, ""repetition"": 2}, {""ratio"": 0.9116438254920298, ""repetition"": 3}]","[{""ratio"": 1.0816097805835327, ""repetition"": 1}, {""ratio"": 0.7584265130427226, ""repetition"": 2}, {""ratio"": 0.8704258793007787, ""repetition"": 3}]","[{""ratio"": 1.071755818455315, ""repetition"": 1}, {""ratio"": 1.096402792484962, ""repetition"": 2}, {""ratio"": 0.9260726910041361, ""repetition"": 3}]","[{""ratio"": 1.057741540531846, ""repetition"": 1}, {""ratio"": 0.9765866740442776, ""repetition"": 2}, {""ratio"": 0.9116192201271744, ""repetition"": 3}]","[{""ratio"": 1.0, ""repetition"": 1}, {""ratio"": 1.0, ""repetition"": 2}, {""ratio"": 1.0, ""repetition"": 3}]",,,,,,,,,,,,,,,,,,,
original-nonstep,l2svm,baseline,3,1,10.292484274,9.820477298,12.014665447,1.208371913,1.112957879,1.59540662,6.766895354,6.291500902,7.456608143,10.295143,9.822613,12.017181,1691.4352690340852,1691.4352690340852,1691.4352690340852,389.5892717655759,389.5892717655759,389.5892717655759,3.341585848523719,3.341585848523719,3.341585848523719,12112.0,12112.0,12112.0,9190.0,9190.0,9190.0,2094351.0,2094351.0,2094351.0,1420988.0,1420988.0,1420988.0,31368632.0,31368632.0,31368632.0,31368632.0,31368632.0,31368632.0,0.0,0.0,0.0,0.0,0.0,0.0,0.0,0.0,0.0,0.0,0.0,0.0,0.0,0.0,0.0,0.0,0.0,0.0,9503679.0,9503679.0,9503679.0,7890556.0,7890556.0,7890556.0,1581.0,1581.0,1581.0,True,True,c4b9f764b33f8c488e8e41b7ae87b895256405d37260aef64ef61b5a149a80c6,4655153826430085486,RESOURCE,DISABLED,1.0,1.0,1.0,1.0,1.0,1.0,1.0,1.0,1.0,1.0,1.0,0.0,"[{""ratio"": 1.0, ""repetition"": 1}, {""ratio"": 1.0, ""repetition"": 2}, {""ratio"": 1.0, ""repetition"": 3}]","[{""ratio"": 1.0, ""repetition"": 1}, {""ratio"": 1.0, ""repetition"": 2}, {""ratio"": 1.0, ""repetition"": 3}]","[{""ratio"": 1.0, ""repetition"": 1}, {""ratio"": 1.0, ""repetition"": 2}, {""ratio"": 1.0, ""repetition"": 3}]","[{""ratio"": 1.0, ""repetition"": 1}, {""ratio"": 1.0, ""repetition"": 2}, {""ratio"": 1.0, ""repetition"": 3}]","[{""ratio"": 1.0, ""repetition"": 1}, {""ratio"": 1.0, ""repetition"": 2}, {""ratio"": 1.0, ""repetition"": 3}]",,,,,,,,,,,,,,,,,,,
original-nonstep,l2svm,dominance,3,1,10.519341416,10.064507026,10.679481796,1.448068683,1.33963743,1.537497602,6.389538868,6.022612533,6.827875024,10.521909,10.066511,10.68109,1691.4352690340852,1691.4352690340852,1691.4352690340852,389.5892717655759,389.5892717655759,389.5892717655759,3.341585848523719,3.341585848523719,3.341585848523719,12112.0,12112.0,12112.0,9190.0,9190.0,9190.0,2094351.0,2094351.0,2094351.0,1420988.0,1420988.0,1420988.0,31368632.0,31368632.0,31368632.0,31368632.0,31368632.0,31368632.0,0.0,0.0,0.0,0.0,0.0,0.0,0.0,0.0,0.0,0.0,0.0,0.0,0.0,0.0,0.0,0.0,0.0,0.0,9503679.0,9503679.0,9503679.0,7890556.0,7890556.0,7890556.0,1581.0,1581.0,1581.0,True,True,c4b9f764b33f8c488e8e41b7ae87b895256405d37260aef64ef61b5a149a80c6,4655153826430085486,RESOURCE,DISABLED,1.0220410482018483,1.1983634073427856,0.9442349162711761,1.022026503177275,1.0,1.0,1.0,1.0,1.0,1.0,1.0,0.0,"[{""ratio"": 1.0711639665561192, ""repetition"": 1}, {""ratio"": 1.0376000110077992, ""repetition"": 2}, {""ratio"": 0.8376851665489408, ""repetition"": 3}]","[{""ratio"": 1.1983634073427856, ""repetition"": 1}, {""ratio"": 1.203673072698558, ""repetition"": 2}, {""ratio"": 0.9637026590750889, ""repetition"": 3}]","[{""ratio"": 1.0155826038217421, ""repetition"": 1}, {""ratio"": 1.0090114693385874, ""repetition"": 2}, {""ratio"": 0.8076879483943132, ""repetition"": 3}]","[{""ratio"": 1.0711924617207256, ""repetition"": 1}, {""ratio"": 1.0374882602407756, ""repetition"": 2}, {""ratio"": 0.8376765732329403, ""repetition"": 3}]","[{""ratio"": 1.0, ""repetition"": 1}, {""ratio"": 1.0, ""repetition"": 2}, {""ratio"": 1.0, ""repetition"": 3}]",,,,,,,,,,,,,,,,,,,
original-nonstep,l2svm,global,3,1,10.424652891,10.253645056,11.577432744,1.259682418,1.219021328,1.507193433,6.855658468,6.554690191,7.320556398,10.426599,10.255834,11.579262,1243.8568293438004,1243.8568293438004,1243.8568293438004,455.25064936677126,455.25064936677126,455.25064936677126,1.7322461397340945,1.7322461397340945,1.7322461397340945,12112.0,12112.0,12112.0,2224.0,2224.0,2224.0,2094351.0,2094351.0,2094351.0,76601.0,76601.0,76601.0,9300259.0,9300259.0,9300259.0,29587406.0,29587406.0,29587406.0,2516287.0,2516287.0,2516287.0,23190.0,23190.0,23190.0,12112.0,12112.0,12112.0,3716.0,3716.0,3716.0,71.0,71.0,71.0,277995812.0,271634206.0,335964688.0,3466507.0,3466507.0,3466507.0,3881969.0,3881969.0,3881969.0,1820.0,1820.0,1820.0,True,True,91f6f2a2cfa08548a1d8177a86d3d05cb18e92001d207261c021859c14e51976,4653185355634960257,RESOURCE,APPLIED,1.0128412746117934,1.0424625104638625,1.0131172582634267,1.012768739589144,0.2964827729816206,0.9432163315250726,0.36475421781396444,1.1511701454775458,0.24200217627856366,0.05390685917122453,0.7353854162294488,-26.461458377055123,"[{""ratio"": 1.0441086257679366, ""repetition"": 1}, {""ratio"": 1.0128412746117934, ""repetition"": 2}, {""ratio"": 0.9636084163201418, ""repetition"": 3}]","[{""ratio"": 1.0424625104638625, ""repetition"": 1}, {""ratio"": 1.0952987089639894, ""repetition"": 2}, {""ratio"": 0.94470802246013, ""repetition"": 3}]","[{""ratio"": 1.041832512320921, ""repetition"": 1}, {""ratio"": 1.0131172582634267, ""repetition"": 2}, {""ratio"": 0.9817542048085601, ""repetition"": 3}]","[{""ratio"": 1.044104455708476, ""repetition"": 1}, {""ratio"": 1.012768739589144, ""repetition"": 2}, {""ratio"": 0.9635589245098329, ""repetition"": 3}]","[{""ratio"": 0.7353854162294488, ""repetition"": 1}, {""ratio"": 0.7353854162294488, ""repetition"": 2}, {""ratio"": 0.7353854162294488, ""repetition"": 3}]",0.967214113114134,1.2245407127149617,0.9495440839100224,0.9672107850144559,0.7730413091796514,1.0407998349207948,0.37393885019941747,1.1511701454775458,0.2425828970331588,0.05396656089546687,0.7353854162294488,-26.461458377055123,"[{""ratio"": 1.0271753620420085, ""repetition"": 1}, {""ratio"": 0.967214113114134, ""repetition"": 2}, {""ratio"": 1.0235352760938687, ""repetition"": 3}]","[{""ratio"": 1.2245407127149617, ""repetition"": 1}, {""ratio"": 1.1853755732029316, ""repetition"": 2}, {""ratio"": 1.3672025865023942, ""repetition"": 3}]","[{""ratio"": 1.0166298196316876, ""repetition"": 1}, {""ratio"": 0.9495440839100224, ""repetition"": 2}, {""ratio"": 0.9766503713135002, ""repetition"": 3}]","[{""ratio"": 1.0272152341209244, ""repetition"": 1}, {""ratio"": 0.9672107850144559, ""repetition"": 2}, {""ratio"": 1.02350490036411, ""repetition"": 3}]","[{""ratio"": 0.7353854162294488, ""repetition"": 1}, {""ratio"": 0.7353854162294488, ""repetition"": 2}, {""ratio"": 0.7353854162294488, ""repetition"": 3}]",6944.0,75.74171029668412
original-nonstep,l2svm,local,3,1,10.77801983,9.982370523,11.311220057,1.028697866,1.028384046,1.102392175,7.219947535,6.447469929,7.495575298,10.780069,9.984114,11.313343,1691.4352690340852,1691.4352690340852,1691.4352690340852,389.5892717655759,389.5892717655759,389.5892717655759,3.341585848523719,3.341585848523719,3.341585848523719,12112.0,12112.0,12112.0,9168.0,9168.0,9168.0,2094351.0,2094351.0,2094351.0,1419416.0,1419416.0,1419416.0,12030740.0,12030740.0,12030740.0,28427566.0,28427566.0,28427566.0,5481581.0,5481581.0,5481581.0,190564.0,190564.0,190564.0,0.0,0.0,0.0,0.0,0.0,0.0,0.0,0.0,0.0,0.0,0.0,0.0,9270251.0,9270251.0,9270251.0,7780096.0,7780096.0,7780096.0,1581.0,1581.0,1581.0,True,True,c4b9f764b33f8c488e8e41b7ae87b895256405d37260aef64ef61b5a149a80c6,4655153826430085486,RESOURCE,DISABLED,1.047173796245336,0.8513089843722642,1.0669512615903238,1.0471024054741154,0.3835277228538369,0.9062418150718208,0.9754381434810666,1.0,0.9976060935799782,0.9988937274628639,1.0,0.0,"[{""ratio"": 1.0164852705308907, ""repetition"": 1}, {""ratio"": 1.047173796245336, ""repetition"": 2}, {""ratio"": 0.9414511046434799, ""repetition"": 3}]","[{""ratio"": 0.8513089843722642, ""repetition"": 1}, {""ratio"": 0.9240098528472701, ""repetition"": 2}, {""ratio"": 0.690978814541963, ""repetition"": 3}]","[{""ratio"": 1.024790432271959, ""repetition"": 1}, {""ratio"": 1.0669512615903238, ""repetition"": 2}, {""ratio"": 1.005225855275308, ""repetition"": 3}]","[{""ratio"": 1.0164417553659093, ""repetition"": 1}, {""ratio"": 1.0471024054741154, ""repetition"": 2}, {""ratio"": 0.9414306899430074, ""repetition"": 3}]","[{""ratio"": 1.0, ""repetition"": 1}, {""ratio"": 1.0, ""repetition"": 2}, {""ratio"": 1.0, ""repetition"": 3}]",,,,,,,,,,,,,,,,,,,
original-nonstep,l2svm,support,3,1,10.56486994,10.179380821,10.699057897,1.498275734,1.147019105,1.728826276,6.554575775,5.902291872,6.559958269,10.567132,10.181474,10.700762,1691.4352690340852,1691.4352690340852,1691.4352690340852,389.5892717655759,389.5892717655759,389.5892717655759,3.341585848523719,3.341585848523719,3.341585848523719,12112.0,12112.0,12112.0,9168.0,9168.0,9168.0,2094351.0,2094351.0,2094351.0,1419416.0,1419416.0,1419416.0,28427566.0,28427566.0,28427566.0,28427566.0,28427566.0,28427566.0,0.0,0.0,0.0,0.0,0.0,0.0,0.0,0.0,0.0,0.0,0.0,0.0,0.0,0.0,0.0,0.0,0.0,0.0,9270251.0,9270251.0,9270251.0,7780096.0,7780096.0,7780096.0,1581.0,1581.0,1581.0,True,True,c4b9f764b33f8c488e8e41b7ae87b895256405d37260aef64ef61b5a149a80c6,4655153826430085486,RESOURCE,DISABLED,1.0264645209794565,1.2399127436521276,0.9686237827108565,1.0264191570724177,0.9062418150718208,0.9062418150718208,0.9754381434810666,1.0,0.9976060935799782,0.9988937274628639,1.0,0.0,"[{""ratio"": 1.0894641443933615, ""repetition"": 1}, {""ratio"": 0.9890110638025738, ""repetition"": 2}, {""ratio"": 0.8793311795991783, ""repetition"": 3}]","[{""ratio"": 1.2399127436521276, ""repetition"": 1}, {""ratio"": 1.0306042363711052, ""repetition"": 2}, {""ratio"": 1.0836273676738284, ""repetition"": 3}]","[{""ratio"": 1.0418143265172817, ""repetition"": 1}, {""ratio"": 0.9694191982919202, ""repetition"": 2}, {""ratio"": 0.7915518368148208, ""repetition"": 3}]","[{""ratio"": 1.0894007531397194, ""repetition"": 1}, {""ratio"": 0.9889589683212754, ""repetition"": 2}, {""ratio"": 0.8793353449531967, ""repetition"": 3}]","[{""ratio"": 1.0, ""repetition"": 1}, {""ratio"": 1.0, ""repetition"": 2}, {""ratio"": 1.0, ""repetition"": 3}]",,,,,,,,,,,,,,,,,,,
original-nonstep,lm,baseline,3,1,2.207507987,1.961686523,2.391371951,0.091165226,0.082584869,0.103591754,0.904493112,0.747569377,0.9400634,2.209262,1.963958,2.394195,51.407386332933704,51.407386332933704,51.407386332933704,50.16865894508741,50.16865894508741,50.16865894508741,0.024691259720578892,0.024691259720578892,0.024691259720578892,241.0,241.0,241.0,208.0,208.0,208.0,6395.0,6395.0,6395.0,4758.0,4758.0,4758.0,1740.0,1740.0,1740.0,1740.0,1740.0,1740.0,0.0,0.0,0.0,0.0,0.0,0.0,0.0,0.0,0.0,0.0,0.0,0.0,0.0,0.0,0.0,0.0,0.0,0.0,4936.0,4936.0,4936.0,4970.0,4970.0,4970.0,241.0,241.0,241.0,True,True,32c0bc07dd8bb4b817a44584abbbe1b36cff7ee719a9534074fab50c6803a193,4632431763744908497,TARGET_REACHED,DISABLED,1.0,1.0,1.0,1.0,1.0,1.0,1.0,1.0,1.0,1.0,1.0,0.0,"[{""ratio"": 1.0, ""repetition"": 1}, {""ratio"": 1.0, ""repetition"": 2}, {""ratio"": 1.0, ""repetition"": 3}]","[{""ratio"": 1.0, ""repetition"": 1}, {""ratio"": 1.0, ""repetition"": 2}, {""ratio"": 1.0, ""repetition"": 3}]","[{""ratio"": 1.0, ""repetition"": 1}, {""ratio"": 1.0, ""repetition"": 2}, {""ratio"": 1.0, ""repetition"": 3}]","[{""ratio"": 1.0, ""repetition"": 1}, {""ratio"": 1.0, ""repetition"": 2}, {""ratio"": 1.0, ""repetition"": 3}]","[{""ratio"": 1.0, ""repetition"": 1}, {""ratio"": 1.0, ""repetition"": 2}, {""ratio"": 1.0, ""repetition"": 3}]",,,,,,,,,,,,,,,,,,,
original-nonstep,lm,dominance,3,1,2.017789064,2.003993894,2.192446284,0.082642136,0.076427179,0.092225348,0.746293783,0.740264833,0.860522965,2.02036,2.006377,2.19478,51.407386332933704,51.407386332933704,51.407386332933704,50.16865894508741,50.16865894508741,50.16865894508741,0.024691259720578892,0.024691259720578892,0.024691259720578892,241.0,241.0,241.0,208.0,208.0,208.0,6395.0,6395.0,6395.0,4758.0,4758.0,4758.0,1740.0,1740.0,1740.0,1740.0,1740.0,1740.0,0.0,0.0,0.0,0.0,0.0,0.0,0.0,0.0,0.0,0.0,0.0,0.0,0.0,0.0,0.0,0.0,0.0,0.0,4936.0,4936.0,4936.0,4970.0,4970.0,4970.0,241.0,241.0,241.0,True,True,32c0bc07dd8bb4b817a44584abbbe1b36cff7ee719a9534074fab50c6803a193,4632431763744908497,TARGET_REACHED,DISABLED,0.9140574239743396,0.9065094184047764,0.82509614843811,0.9144954287902477,1.0,1.0,1.0,1.0,1.0,1.0,1.0,0.0,"[{""ratio"": 1.0285991366827574, ""repetition"": 1}, {""ratio"": 0.916815254558449, ""repetition"": 2}, {""ratio"": 0.9078082189516445, ""repetition"": 3}]","[{""ratio"": 0.9065094184047764, ""repetition"": 1}, {""ratio"": 0.8902769230068255, ""repetition"": 2}, {""ratio"": 0.9254380363550615, ""repetition"": 3}]","[{""ratio"": 0.990228941654468, ""repetition"": 1}, {""ratio"": 0.9153882227517847, ""repetition"": 2}, {""ratio"": 0.82509614843811, ""repetition"": 3}]","[{""ratio"": 1.0287185367507858, ""repetition"": 1}, {""ratio"": 0.9167089564550925, ""repetition"": 2}, {""ratio"": 0.9081661658961229, ""repetition"": 3}]","[{""ratio"": 1.0, ""repetition"": 1}, {""ratio"": 1.0, ""repetition"": 2}, {""ratio"": 1.0, ""repetition"": 3}]",,,,,,,,,,,,,,,,,,,
original-nonstep,lm,global,3,1,2.272024061,1.964810874,2.28006136,0.12085046,0.110323727,0.122177236,0.816178835,0.763023235,0.909355689,2.274359,1.967846,2.282719,51.407386332933704,51.407386332933704,51.407386332933704,51.168658945087394,51.168658945087394,51.168658945087394,0.004665500186403271,0.004665500186403271,0.004665500186403271,241.0,241.0,241.0,122.0,122.0,122.0,6395.0,6395.0,6395.0,1382.0,1382.0,1382.0,0.0,0.0,0.0,0.0,0.0,0.0,0.0,0.0,0.0,0.0,0.0,0.0,241.0,241.0,241.0,38.0,38.0,38.0,16.0,16.0,16.0,36621143.0,34589595.0,37454175.0,1382.0,1382.0,1382.0,1382.0,1382.0,1382.0,273.0,273.0,273.0,True,True,32c0bc07dd8bb4b817a44584abbbe1b36cff7ee719a9534074fab50c6803a193,4632431763744908497,TARGET_REACHED,APPLIED,1.0292257488443688,1.3256201438035156,0.9023604759081901,1.0294654957175746,0.0,0.0,0.2799837925445705,1.1327800829875518,0.5865384615384616,0.29045817570407734,1.0,0.0,"[{""ratio"": 1.1581993526291867, ""repetition"": 1}, {""ratio"": 0.9534532505687987, ""repetition"": 2}, {""ratio"": 0.8900583307379898, ""repetition"": 3}]","[{""ratio"": 1.3256201438035156, ""repetition"": 1}, {""ratio"": 1.0649856068659673, ""repetition"": 2}, {""ratio"": 1.4794142980356364, ""repetition"": 3}]","[{""ratio"": 1.2164164517402376, ""repetition"": 1}, {""ratio"": 0.8682167979308629, ""repetition"": 2}, {""ratio"": 0.8435920902844863, ""repetition"": 3}]","[{""ratio"": 1.158048695542369, ""repetition"": 1}, {""ratio"": 0.9534390473624748, ""repetition"": 2}, {""ratio"": 0.8907255001896561, ""repetition"": 3}]","[{""ratio"": 1.0, ""repetition"": 1}, {""ratio"": 1.0, ""repetition"": 2}, {""ratio"": 1.0, ""repetition"": 3}]",0.9709184840605649,1.1062163980610777,0.9450461732158543,0.9704167738692738,0.0,0.0,0.2799837925445705,1.1327800829875518,0.5865384615384616,0.29045817570407734,1.0,0.0,"[{""ratio"": 0.9709184840605649, ""repetition"": 1}, {""ratio"": 0.9466940163082921, ""repetition"": 2}, {""ratio"": 0.954136865798592, ""repetition"": 3}]","[{""ratio"": 1.1062163980610777, ""repetition"": 1}, {""ratio"": 0.7597400818101968, ""repetition"": 2}, {""ratio"": 1.3349481421336515, ""repetition"": 3}]","[{""ratio"": 0.9899025477273872, ""repetition"": 1}, {""ratio"": 0.9450461732158543, ""repetition"": 2}, {""ratio"": 0.9194142413109943, ""repetition"": 3}]","[{""ratio"": 0.9704167738692738, ""repetition"": 1}, {""ratio"": 0.9464311257034326, ""repetition"": 2}, {""ratio"": 0.9545889585967996, ""repetition"": 3}]","[{""ratio"": 1.0, ""repetition"": 1}, {""ratio"": 1.0, ""repetition"": 2}, {""ratio"": 1.0, ""repetition"": 3}]",86.0,41.34615384615385
original-nonstep,lm,local,3,1,2.340077049,2.059254751,2.40844594,0.109246672,0.091522084,0.145212461,0.863639109,0.829901475,0.918631527,2.343693,2.061459,2.411923,51.407386332933704,51.407386332933704,51.407386332933704,50.16865894508741,50.16865894508741,50.16865894508741,0.024691259720578892,0.024691259720578892,0.024691259720578892,241.0,241.0,241.0,208.0,208.0,208.0,6395.0,6395.0,6395.0,4758.0,4758.0,4758.0,1089.0,1089.0,1089.0,1740.0,1740.0,1740.0,121.0,121.0,121.0,0.0,0.0,0.0,0.0,0.0,0.0,0.0,0.0,0.0,0.0,0.0,0.0,0.0,0.0,0.0,4936.0,4936.0,4936.0,4970.0,4970.0,4970.0,241.0,241.0,241.0,True,True,32c0bc07dd8bb4b817a44584abbbe1b36cff7ee719a9534074fab50c6803a193,4632431763744908497,TARGET_REACHED,DISABLED,1.0600537179392773,1.1983370940143339,0.9548321568644516,1.0608488264406848,0.6258620689655172,1.0,1.0,1.0,1.0,1.0,1.0,0.0,"[{""ratio"": 1.1928904142244545, ""repetition"": 1}, {""ratio"": 1.0071398299176588, ""repetition"": 2}, {""ratio"": 0.9328413591828151, ""repetition"": 3}]","[{""ratio"": 1.1983370940143339, ""repetition"": 1}, {""ratio"": 1.4017762552799327, ""repetition"": 2}, {""ratio"": 1.1082185527230175, ""repetition"": 3}]","[{""ratio"": 1.2288244479548818, ""repetition"": 1}, {""ratio"": 0.9187030459860472, ""repetition"": 2}, {""ratio"": 0.9175321116209892, ""repetition"": 3}]","[{""ratio"": 1.1933518944906154, ""repetition"": 1}, {""ratio"": 1.0074045764860422, ""repetition"": 2}, {""ratio"": 0.933098473607929, ""repetition"": 3}]","[{""ratio"": 1.0, ""repetition"": 1}, {""ratio"": 1.0, ""repetition"": 2}, {""ratio"": 1.0, ""repetition"": 3}]",,,,,,,,,,,,,,,,,,,
original-nonstep,lm,support,3,1,2.230984355,2.158928251,2.598737022,0.087131927,0.086687747,0.114646819,0.892298868,0.87082992,0.927019459,2.233053,2.161264,2.601938,51.407386332933704,51.407386332933704,51.407386332933704,50.16865894508741,50.16865894508741,50.16865894508741,0.024691259720578892,0.024691259720578892,0.024691259720578892,241.0,241.0,241.0,208.0,208.0,208.0,6395.0,6395.0,6395.0,4758.0,4758.0,4758.0,1740.0,1740.0,1740.0,1740.0,1740.0,1740.0,0.0,0.0,0.0,0.0,0.0,0.0,0.0,0.0,0.0,0.0,0.0,0.0,0.0,0.0,0.0,0.0,0.0,0.0,4936.0,4936.0,4936.0,4970.0,4970.0,4970.0,241.0,241.0,241.0,True,True,32c0bc07dd8bb4b817a44584abbbe1b36cff7ee719a9534074fab50c6803a193,4632431763744908497,TARGET_REACHED,DISABLED,1.0106347828131323,0.9557583611979418,0.9865181460884359,1.0107687544528445,1.0,1.0,1.0,1.0,1.0,1.0,1.0,0.0,"[{""ratio"": 1.1372787287074613, ""repetition"": 1}, {""ratio"": 0.9027990188214764, ""repetition"": 2}, {""ratio"": 1.1772265546960397, ""repetition"": 3}]","[{""ratio"": 0.9557583611979418, ""repetition"": 1}, {""ratio"": 0.8368209210937774, ""repetition"": 2}, {""ratio"": 1.388230318558718, ""repetition"": 3}]","[{""ratio"": 1.1936000797421642, ""repetition"": 1}, {""ratio"": 0.9263523290024908, ""repetition"": 2}, {""ratio"": 1.024904940348512, ""repetition"": 3}]","[{""ratio"": 1.1370166775460575, ""repetition"": 1}, {""ratio"": 0.9027100967130915, ""repetition"": 2}, {""ratio"": 1.1777408021321147, ""repetition"": 3}]","[{""ratio"": 1.0, ""repetition"": 1}, {""ratio"": 1.0, ""repetition"": 2}, {""ratio"": 1.0, ""repetition"": 3}]",,,,,,,,,,,,,,,,,,,
original-nonstep,logreg,baseline,3,0,28.92970562,27.539885711,30.750558847,2.400109968,2.326422599,2.717142518,20.60409075,19.871560765,23.333575301,28.931785,27.541986,30.752248,74333.65643433141,74333.65643433141,74333.65643433141,304.06321524661564,304.06321524661564,304.06321524661564,243.46777086811326,243.46777086811326,243.46777086811326,33698.0,33698.0,33698.0,23791.0,23791.0,23791.0,7514910.0,7514910.0,7514910.0,4934658.0,4934658.0,4934658.0,41421853.0,41421853.0,41421853.0,41421853.0,41421853.0,41421853.0,0.0,0.0,0.0,0.0,0.0,0.0,0.0,0.0,0.0,0.0,0.0,0.0,0.0,0.0,0.0,0.0,0.0,0.0,12028750.0,12028750.0,12028750.0,7992710.0,7992710.0,7992710.0,3303.0,3303.0,3303.0,True,True,9ff9494e9f24a33d04d0af4f2cb40f8fd75b6d8356dd9065928eb80a7c63fb60,4679844583184615702,RESOURCE,DISABLED,1.0,1.0,1.0,1.0,1.0,1.0,1.0,1.0,1.0,1.0,1.0,0.0,"[{""ratio"": 1.0, ""repetition"": 1}, {""ratio"": 1.0, ""repetition"": 2}, {""ratio"": 1.0, ""repetition"": 3}]","[{""ratio"": 1.0, ""repetition"": 1}, {""ratio"": 1.0, ""repetition"": 2}, {""ratio"": 1.0, ""repetition"": 3}]","[{""ratio"": 1.0, ""repetition"": 1}, {""ratio"": 1.0, ""repetition"": 2}, {""ratio"": 1.0, ""repetition"": 3}]","[{""ratio"": 1.0, ""repetition"": 1}, {""ratio"": 1.0, ""repetition"": 2}, {""ratio"": 1.0, ""repetition"": 3}]","[{""ratio"": 1.0, ""repetition"": 1}, {""ratio"": 1.0, ""repetition"": 2}, {""ratio"": 1.0, ""repetition"": 3}]",,,,,,,,,,,,,,,,,,,
original-nonstep,logreg,dominance,3,0,28.131581587,27.670939908,31.314042512,3.185648802,2.816910592,3.423792435,19.158096486,19.02443591,22.157540613,28.133268,27.673506,31.316844,74333.65643433141,74333.65643433141,74333.65643433141,304.06321524661564,304.06321524661564,304.06321524661564,243.46777086811326,243.46777086811326,243.46777086811326,33698.0,33698.0,33698.0,23783.0,23783.0,23783.0,7514910.0,7514910.0,7514910.0,4934186.0,4934186.0,4934186.0,41417341.0,41417341.0,41417341.0,41417341.0,41417341.0,41417341.0,0.0,0.0,0.0,0.0,0.0,0.0,0.0,0.0,0.0,0.0,0.0,0.0,0.0,0.0,0.0,0.0,0.0,0.0,12027126.0,12027126.0,12027126.0,7990606.0,7990606.0,7990606.0,3303.0,3303.0,3303.0,True,True,9ff9494e9f24a33d04d0af4f2cb40f8fd75b6d8356dd9065928eb80a7c63fb60,4679844583184615702,RESOURCE,DISABLED,0.9724116089018122,1.3272928509415696,0.9298200400325843,0.9724000091940403,0.9998910719904298,0.9998910719904298,0.9998649901278188,1.0,0.9996637383884662,0.9999043500076399,1.0,0.0,"[{""ratio"": 0.9724116089018122, ""repetition"": 1}, {""ratio"": 1.0047587051876419, ""repetition"": 2}, {""ratio"": 1.018324339008069, ""repetition"": 3}]","[{""ratio"": 1.2600709798322032, ""repetition"": 1}, {""ratio"": 1.3272928509415696, ""repetition"": 2}, {""ratio"": 1.2108335747816557, ""repetition"": 3}]","[{""ratio"": 0.9298200400325843, ""repetition"": 1}, {""ratio"": 0.9573699889496324, ""repetition"": 2}, {""ratio"": 0.9495990360315849, ""repetition"": 3}]","[{""ratio"": 0.9724000091940403, ""repetition"": 1}, {""ratio"": 1.0047752547692095, ""repetition"": 2}, {""ratio"": 1.0183595033442758, ""repetition"": 3}]","[{""ratio"": 1.0, ""repetition"": 1}, {""ratio"": 1.0, ""repetition"": 2}, {""ratio"": 1.0, ""repetition"": 3}]",,,,,,,,,,,,,,,,,,,
original-nonstep,logreg,global,3,0,29.602362949,29.377782756,30.001725796,3.3102099,3.246573367,4.091302775,20.898324316,20.740766053,21.015208894,29.604274,29.379656,30.003687,74333.65643433141,74333.65643433141,74333.65643433141,304.06321524661564,304.06321524661564,304.06321524661564,243.46777086811326,243.46777086811326,243.46777086811326,33698.0,33698.0,33698.0,23762.0,23762.0,23762.0,7514910.0,7514910.0,7514910.0,4933465.0,4933465.0,4933465.0,12340776.0,12340776.0,12340776.0,35054048.0,35054048.0,35054048.0,5565921.0,5565921.0,5565921.0,70140.0,70140.0,70140.0,33698.0,33698.0,33698.0,67.0,67.0,67.0,39.0,39.0,39.0,1015965554.0,962279085.0,1270352093.0,11676627.0,11676627.0,11676627.0,7962713.0,7962713.0,7962713.0,3336.0,3336.0,3336.0,True,True,9ff9494e9f24a33d04d0af4f2cb40f8fd75b6d8356dd9065928eb80a7c63fb60,4679844583184615702,RESOURCE,APPLIED,1.0232514405032511,1.3791909304715655,1.0142803470228356,1.0232439512460085,0.2979291148563537,0.8462694317417427,0.9707265509716305,1.0099909173478656,0.9987810516581901,0.9997582405913439,1.0,0.0,"[{""ratio"": 1.0232514405032511, ""repetition"": 1}, {""ratio"": 1.0667358268762133, ""repetition"": 2}, {""ratio"": 0.975648148226319, ""repetition"": 3}]","[{""ratio"": 1.2182687798196676, ""repetition"": 1}, {""ratio"": 1.3526769232600426, ""repetition"": 2}, {""ratio"": 1.7586240680255705, ""repetition"": 3}]","[{""ratio"": 1.0142803470228356, ""repetition"": 1}, {""ratio"": 1.0575520032132715, ""repetition"": 2}, {""ratio"": 0.8888807559684658, ""repetition"": 3}]","[{""ratio"": 1.0232439512460085, ""repetition"": 1}, {""ratio"": 1.066722494158555, ""repetition"": 2}, {""ratio"": 0.9756583323599627, ""repetition"": 3}]","[{""ratio"": 1.0, ""repetition"": 1}, {""ratio"": 1.0, ""repetition"": 2}, {""ratio"": 1.0, ""repetition"": 3}]",1.0253584107594302,1.3706546446129715,1.0156846237661596,1.0253077652490865,1.0005183883554116,1.005919316565796,1.0000142166363593,1.0099909173478656,1.0,1.0000336488828268,1.0,0.0,"[{""ratio"": 1.0179462980578142, ""repetition"": 1}, {""ratio"": 1.1064283658168914, ""repetition"": 2}, {""ratio"": 1.0391914299282636, ""repetition"": 3}]","[{""ratio"": 1.2875643069487088, ""repetition"": 1}, {""ratio"": 1.4403638998819799, ""repetition"": 2}, {""ratio"": 1.6940808348956027, ""repetition"": 3}]","[{""ratio"": 1.0156846237661596, ""repetition"": 1}, {""ratio"": 1.1168742965382494, ""repetition"": 2}, {""ratio"": 1.000938496281949, ""repetition"": 3}]","[{""ratio"": 1.0179230367357335, ""repetition"": 1}, {""ratio"": 1.1064218561020143, ""repetition"": 2}, {""ratio"": 1.0391409452298364, ""repetition"": 3}]","[{""ratio"": 1.0, ""repetition"": 1}, {""ratio"": 1.0, ""repetition"": 2}, {""ratio"": 1.0, ""repetition"": 3}]",0.0,0.0
original-nonstep,logreg,local,3,0,28.870259061,26.551906715,29.080476058,2.415057588,2.253995235,2.570908406,20.575603713,18.816091443,20.721319172,28.873549,26.553756,29.083018,74333.65643433141,74333.65643433141,74333.65643433141,304.06321524661564,304.06321524661564,304.06321524661564,243.46777086811326,243.46777086811326,243.46777086811326,33698.0,33698.0,33698.0,23762.0,23762.0,23762.0,7514910.0,7514910.0,7514910.0,4933299.0,4933299.0,4933299.0,12334382.0,12334382.0,12334382.0,34847773.0,34847773.0,34847773.0,5564794.0,5564794.0,5564794.0,70140.0,70140.0,70140.0,0.0,0.0,0.0,0.0,0.0,0.0,0.0,0.0,0.0,0.0,0.0,0.0,11676461.0,11676461.0,11676461.0,7962547.0,7962547.0,7962547.0,3303.0,3303.0,3303.0,True,True,9ff9494e9f24a33d04d0af4f2cb40f8fd75b6d8356dd9065928eb80a7c63fb60,4679844583184615702,RESOURCE,DISABLED,0.9979451377839496,1.0062278896380967,0.9986174086813319,0.9979871273065246,0.2977747518924371,0.8412895724389732,0.9707127507014445,1.0,0.9987810516581901,0.9997246009753867,1.0,0.0,"[{""ratio"": 1.0052116132801492, ""repetition"": 1}, {""ratio"": 0.9641255230189507, ""repetition"": 2}, {""ratio"": 0.9388531507555531, ""repetition"": 3}]","[{""ratio"": 0.9461809194654838, ""repetition"": 1}, {""ratio"": 0.9391216506959651, ""repetition"": 2}, {""ratio"": 1.0380992640967721, ""repetition"": 3}]","[{""ratio"": 0.9986174086813319, ""repetition"": 1}, {""ratio"": 0.9468854341900003, ""repetition"": 2}, {""ratio"": 0.8880473268540185, ""repetition"": 3}]","[{""ratio"": 1.0052272267335043, ""repetition"": 1}, {""ratio"": 0.9641191452206823, ""repetition"": 2}, {""ratio"": 0.9389085636926445, ""repetition"": 3}]","[{""ratio"": 1.0, ""repetition"": 1}, {""ratio"": 1.0, ""repetition"": 2}, {""ratio"": 1.0, ""repetition"": 3}]",,,,,,,,,,,,,,,,,,,
original-nonstep,logreg,support,3,0,28.026536306,27.470498084,30.510476882,2.938120378,2.85117422,3.19795497,19.439422672,19.285939022,21.734864943,28.029481,27.472611,30.513184,74333.65643433141,74333.65643433141,74333.65643433141,304.06321524661564,304.06321524661564,304.06321524661564,243.46777086811326,243.46777086811326,243.46777086811326,33698.0,33698.0,33698.0,23762.0,23762.0,23762.0,7514910.0,7514910.0,7514910.0,4933299.0,4933299.0,4933299.0,34847773.0,34847773.0,34847773.0,34847773.0,34847773.0,34847773.0,0.0,0.0,0.0,0.0,0.0,0.0,0.0,0.0,0.0,0.0,0.0,0.0,0.0,0.0,0.0,0.0,0.0,0.0,11676461.0,11676461.0,11676461.0,7962547.0,7962547.0,7962547.0,3303.0,3303.0,3303.0,True,True,9ff9494e9f24a33d04d0af4f2cb40f8fd75b6d8356dd9065928eb80a7c63fb60,4679844583184615702,RESOURCE,DISABLED,0.968780556364334,1.224160733121875,0.9434739396107541,0.9688127089289513,0.8412895724389732,0.8412895724389732,0.9707127507014445,1.0,0.9987810516581901,0.9997246009753867,1.0,0.0,"[{""ratio"": 0.968780556364334, ""repetition"": 1}, {""ratio"": 0.9974804678665646, ""repetition"": 2}, {""ratio"": 0.9921925983135937, ""repetition"": 3}]","[{""ratio"": 1.0813272982687174, ""repetition"": 1}, {""ratio"": 1.1879348271595527, ""repetition"": 2}, {""ratio"": 1.3746234116598695, ""repetition"": 3}]","[{""ratio"": 0.9360247562489502, ""repetition"": 1}, {""ratio"": 0.9782534397720217, ""repetition"": 2}, {""ratio"": 0.931484552308129, ""repetition"": 3}]","[{""ratio"": 0.9688127089289513, ""repetition"": 1}, {""ratio"": 0.9974811184640061, ""repetition"": 2}, {""ratio"": 0.9922261292898001, ""repetition"": 3}]","[{""ratio"": 1.0, ""repetition"": 1}, {""ratio"": 1.0, ""repetition"": 2}, {""ratio"": 1.0, ""repetition"": 3}]",,,,,,,,,,,,,,,,,,,
original-nonstep,pca,baseline,3,1,2.720320734,2.422191007,2.888594548,0.121449441,0.112238669,0.13919614,1.485082911,1.319972474,1.617551158,2.72288,2.424328,2.890679,1998.526131409438,1998.526131409438,1998.526131409438,1998.3182599424615,1998.3182599424615,1998.3182599424615,0.00010402320348234738,0.00010402320348234738,0.00010402320348234738,446.0,446.0,446.0,385.0,385.0,385.0,7318.0,7318.0,7318.0,5204.0,5204.0,5204.0,33220.0,33220.0,33220.0,33220.0,33220.0,33220.0,0.0,0.0,0.0,0.0,0.0,0.0,0.0,0.0,0.0,0.0,0.0,0.0,0.0,0.0,0.0,0.0,0.0,0.0,9677.0,9677.0,9677.0,10440.0,10440.0,10440.0,505.0,505.0,505.0,True,True,0e9092b0d2ee166f04737ce65e7d33be670f204f10558b6d3ea57635895035d6,4656504426325947325,TARGET_REACHED,DISABLED,1.0,1.0,1.0,1.0,1.0,1.0,1.0,1.0,1.0,1.0,1.0,0.0,"[{""ratio"": 1.0, ""repetition"": 1}, {""ratio"": 1.0, ""repetition"": 2}, {""ratio"": 1.0, ""repetition"": 3}]","[{""ratio"": 1.0, ""repetition"": 1}, {""ratio"": 1.0, ""repetition"": 2}, {""ratio"": 1.0, ""repetition"": 3}]","[{""ratio"": 1.0, ""repetition"": 1}, {""ratio"": 1.0, ""repetition"": 2}, {""ratio"": 1.0, ""repetition"": 3}]","[{""ratio"": 1.0, ""repetition"": 1}, {""ratio"": 1.0, ""repetition"": 2}, {""ratio"": 1.0, ""repetition"": 3}]","[{""ratio"": 1.0, ""repetition"": 1}, {""ratio"": 1.0, ""repetition"": 2}, {""ratio"": 1.0, ""repetition"": 3}]",,,,,,,,,,,,,,,,,,,
original-nonstep,pca,dominance,3,1,2.769067861,2.686926875,3.013300588,0.134475205,0.114130154,0.14126032,1.456101572,1.41370271,1.645468086,2.7709,2.688933,3.01578,1998.526131409438,1998.526131409438,1998.526131409438,1998.3182599424615,1998.3182599424615,1998.3182599424615,0.00010402320348234738,0.00010402320348234738,0.00010402320348234738,446.0,446.0,446.0,385.0,385.0,385.0,7318.0,7318.0,7318.0,5204.0,5204.0,5204.0,33220.0,33220.0,33220.0,33220.0,33220.0,33220.0,0.0,0.0,0.0,0.0,0.0,0.0,0.0,0.0,0.0,0.0,0.0,0.0,0.0,0.0,0.0,0.0,0.0,0.0,9677.0,9677.0,9677.0,10440.0,10440.0,10440.0,505.0,505.0,505.0,True,True,0e9092b0d2ee166f04737ce65e7d33be670f204f10558b6d3ea57635895035d6,4656504426325947325,TARGET_REACHED,DISABLED,1.0179196248408258,1.107252564464253,0.9804850363671043,1.0176357386296864,1.0,1.0,1.0,1.0,1.0,1.0,1.0,0.0,"[{""ratio"": 1.1432078861648585, ""repetition"": 1}, {""ratio"": 0.9301848460734546, ""repetition"": 2}, {""ratio"": 1.1077004819094247, ""repetition"": 3}]","[{""ratio"": 1.1631203802741257, ""repetition"": 1}, {""ratio"": 1.0168523470284558, ""repetition"": 2}, {""ratio"": 0.9660842965904083, ""repetition"": 3}]","[{""ratio"": 1.1031302551237896, ""repetition"": 1}, {""ratio"": 0.8739771246233438, ""repetition"": 2}, {""ratio"": 1.1079974550996634, ""repetition"": 3}]","[{""ratio"": 1.142955903656601, ""repetition"": 1}, {""ratio"": 0.9302080929774631, ""repetition"": 2}, {""ratio"": 1.1075699259607474, ""repetition"": 3}]","[{""ratio"": 1.0, ""repetition"": 1}, {""ratio"": 1.0, ""repetition"": 2}, {""ratio"": 1.0, ""repetition"": 3}]",,,,,,,,,,,,,,,,,,,
original-nonstep,pca,global,3,1,3.014197629,2.807331832,3.29275158,0.179519443,0.166193822,0.227037844,1.577989325,1.495872719,1.854369316,3.016131,2.809266,3.295477,1998.526131409438,1998.526131409438,1998.526131409438,1971.4719847826866,1971.4719847826866,1971.4719847826866,0.013722815660367371,0.013722815660367371,0.013722815660367371,446.0,446.0,446.0,352.0,352.0,352.0,7318.0,7318.0,7318.0,4613.0,4613.0,4613.0,2537.0,2537.0,2537.0,4002.0,4002.0,4002.0,269.0,269.0,269.0,13.0,13.0,13.0,446.0,446.0,446.0,25.0,25.0,25.0,19.0,19.0,19.0,52442918.0,48596111.0,69122916.0,5185.0,5185.0,5185.0,5569.0,5569.0,5569.0,507.0,507.0,507.0,True,True,0e9092b0d2ee166f04737ce65e7d33be670f204f10558b6d3ea57635895035d6,4656504426325947325,TARGET_REACHED,APPLIED,1.1080302375109568,1.4781413691315384,1.0625597488947203,1.1076988335879658,0.07636965683323299,0.12046959662853703,0.5358065516172368,1.003960396039604,0.9142857142857143,0.8864335126825519,1.0,0.0,"[{""ratio"": 1.1590051419920906, ""repetition"": 1}, {""ratio"": 1.1399147666050362, ""repetition"": 2}, {""ratio"": 1.1080302375109568, ""repetition"": 3}]","[{""ratio"": 1.368419818416455, ""repetition"": 1}, {""ratio"": 2.022813046722783, ""repetition"": 2}, {""ratio"": 1.2896869338474473, ""repetition"": 3}]","[{""ratio"": 1.1332605402497204, ""repetition"": 1}, {""ratio"": 1.1464053590075078, ""repetition"": 2}, {""ratio"": 1.0625597488947203, ""repetition"": 3}]","[{""ratio"": 1.1587813200194033, ""repetition"": 1}, {""ratio"": 1.1400356110104235, ""repetition"": 2}, {""ratio"": 1.1076988335879658, ""repetition"": 3}]","[{""ratio"": 1.0, ""repetition"": 1}, {""ratio"": 1.0, ""repetition"": 2}, {""ratio"": 1.0, ""repetition"": 3}]",1.1156489346560488,1.3074623968292658,1.1264889493399217,1.115666592933284,0.16724899466016216,0.12046959662853703,0.5358065516172368,1.003960396039604,0.9142857142857143,0.8864335126825519,1.0,0.0,"[{""ratio"": 1.1118067267873744, ""repetition"": 1}, {""ratio"": 1.0760320288414287, ""repetition"": 2}, {""ratio"": 1.1156489346560488, ""repetition"": 3}]","[{""ratio"": 1.2104102442560294, ""repetition"": 1}, {""ratio"": 1.5765704463244292, ""repetition"": 2}, {""ratio"": 1.728950970286693, ""repetition"": 3}]","[{""ratio"": 1.0991907449082003, ""repetition"": 1}, {""ratio"": 1.1450292387875083, ""repetition"": 2}, {""ratio"": 1.1264889493399217, ""repetition"": 3}]","[{""ratio"": 1.111539928557976, ""repetition"": 1}, {""ratio"": 1.0761141802503016, ""repetition"": 2}, {""ratio"": 1.115666592933284, ""repetition"": 3}]","[{""ratio"": 1.0, ""repetition"": 1}, {""ratio"": 1.0, ""repetition"": 2}, {""ratio"": 1.0, ""repetition"": 3}]",33.0,8.571428571428571
original-nonstep,pca,local,3,1,2.701743833,2.525017851,3.06008696,0.137303714,0.103831425,0.144007421,1.4008032,1.360885475,1.619495165,2.703434,2.527364,3.062386,1998.526131409438,1998.526131409438,1998.526131409438,1998.3182599424615,1998.3182599424615,1998.3182599424615,0.00010402320348234738,0.00010402320348234738,0.00010402320348234738,446.0,446.0,446.0,385.0,385.0,385.0,7318.0,7318.0,7318.0,5204.0,5204.0,5204.0,15169.0,15169.0,15169.0,33220.0,33220.0,33220.0,2797.0,2797.0,2797.0,104.0,104.0,104.0,0.0,0.0,0.0,0.0,0.0,0.0,0.0,0.0,0.0,0.0,0.0,0.0,9677.0,9677.0,9677.0,10440.0,10440.0,10440.0,505.0,505.0,505.0,True,True,0e9092b0d2ee166f04737ce65e7d33be670f204f10558b6d3ea57635895035d6,4656504426325947325,TARGET_REACHED,DISABLED,0.9931710622325464,1.1305421652784715,0.9432491543901417,0.9928582970971913,0.4566225165562914,1.0,1.0,1.0,1.0,1.0,1.0,0.0,"[{""ratio"": 1.0424519964374552, ""repetition"": 1}, {""ratio"": 1.0593688069233316, ""repetition"": 2}, {""ratio"": 0.9931710622325464, ""repetition"": 3}]","[{""ratio"": 1.1305421652784715, ""repetition"": 1}, {""ratio"": 1.2830464071166061, ""repetition"": 2}, {""ratio"": 0.7459360942049112, ""repetition"": 3}]","[{""ratio"": 1.0309953440741217, ""repetition"": 1}, {""ratio"": 1.001201821030751, ""repetition"": 2}, {""ratio"": 0.9432491543901417, ""repetition"": 3}]","[{""ratio"": 1.0425008497200048, ""repetition"": 1}, {""ratio"": 1.0594002308800112, ""repetition"": 2}, {""ratio"": 0.9928582970971913, ""repetition"": 3}]","[{""ratio"": 1.0, ""repetition"": 1}, {""ratio"": 1.0, ""repetition"": 2}, {""ratio"": 1.0, ""repetition"": 3}]",,,,,,,,,,,,,,,,,,,
original-nonstep,pca,support,3,1,2.766769834,2.762500619,2.885792597,0.127337035,0.122348126,0.179843437,1.437646168,1.388188778,1.567112563,2.769068,2.764221,2.889107,1998.526131409438,1998.526131409438,1998.526131409438,1998.3182599424615,1998.3182599424615,1998.3182599424615,0.00010402320348234738,0.00010402320348234738,0.00010402320348234738,446.0,446.0,446.0,385.0,385.0,385.0,7318.0,7318.0,7318.0,5204.0,5204.0,5204.0,33220.0,33220.0,33220.0,33220.0,33220.0,33220.0,0.0,0.0,0.0,0.0,0.0,0.0,0.0,0.0,0.0,0.0,0.0,0.0,0.0,0.0,0.0,0.0,0.0,0.0,9677.0,9677.0,9677.0,10440.0,10440.0,10440.0,505.0,505.0,505.0,True,True,0e9092b0d2ee166f04737ce65e7d33be670f204f10558b6d3ea57635895035d6,4656504426325947325,TARGET_REACHED,DISABLED,1.0170748615850531,1.0484777365093016,0.96805784872438,1.0169629216124103,1.0,1.0,1.0,1.0,1.0,1.0,1.0,0.0,"[{""ratio"": 1.1404966045272746, ""repetition"": 1}, {""ratio"": 0.9990299950534975, ""repetition"": 2}, {""ratio"": 1.0170748615850531, ""repetition"": 3}]","[{""ratio"": 1.0484777365093016, ""repetition"": 1}, {""ratio"": 1.6023304499450184, ""repetition"": 2}, {""ratio"": 0.8789620602985112, ""repetition"": 3}]","[{""ratio"": 1.1872312444903301, ""repetition"": 1}, {""ratio"": 0.8582039406508836, ""repetition"": 2}, {""ratio"": 0.96805784872438, ""repetition"": 3}]","[{""ratio"": 1.1402009134077566, ""repetition"": 1}, {""ratio"": 0.99945618313206, ""repetition"": 2}, {""ratio"": 1.0169629216124103, ""repetition"": 3}]","[{""ratio"": 1.0, ""repetition"": 1}, {""ratio"": 1.0, ""repetition"": 2}, {""ratio"": 1.0, ""repetition"": 3}]",,,,,,,,,,,,,,,,,,,
steplm-compatible,steplm-compatible,baseline,3,0,9.119650561,8.94777917,9.32699548,0.204050947,0.201829153,0.264004919,6.525159784,6.462140716,6.68189987,9.122472,8.950237,9.329535,36712074.42161415,36712074.42161415,36712074.42161415,36699672.27352795,36699672.27352795,36699672.27352795,0.0003379362080882543,0.0003379362080882543,0.0003379362080882543,1326.0,1326.0,1326.0,1071.0,1071.0,1071.0,49193.0,49193.0,49193.0,26043.0,26043.0,26043.0,0.0,0.0,0.0,0.0,0.0,0.0,0.0,0.0,0.0,0.0,0.0,0.0,0.0,0.0,0.0,0.0,0.0,0.0,0.0,0.0,0.0,0.0,0.0,0.0,26043.0,26043.0,26043.0,26043.0,26043.0,26043.0,2641.0,2641.0,2641.0,True,True,24b330f09c109920085387702ca31043c8e7aa8d1da89a91aba2c3f805d4c92a,4720196221075945277,TARGET_REACHED,DISABLED,1.0,1.0,1.0,1.0,,,1.0,1.0,1.0,1.0,1.0,0.0,"[{""ratio"": 1.0, ""repetition"": 1}, {""ratio"": 1.0, ""repetition"": 2}, {""ratio"": 1.0, ""repetition"": 3}]","[{""ratio"": 1.0, ""repetition"": 1}, {""ratio"": 1.0, ""repetition"": 2}, {""ratio"": 1.0, ""repetition"": 3}]","[{""ratio"": 1.0, ""repetition"": 1}, {""ratio"": 1.0, ""repetition"": 2}, {""ratio"": 1.0, ""repetition"": 3}]","[{""ratio"": 1.0, ""repetition"": 1}, {""ratio"": 1.0, ""repetition"": 2}, {""ratio"": 1.0, ""repetition"": 3}]","[{""ratio"": 1.0, ""repetition"": 1}, {""ratio"": 1.0, ""repetition"": 2}, {""ratio"": 1.0, ""repetition"": 3}]",,,,,,,,,,,,,,,,,,,
steplm-compatible,steplm-compatible,dominance,3,0,8.745653585,8.716082216,9.062435102,0.225380734,0.207356145,0.243227493,6.199456798,6.102483841,6.480562504,8.748106,8.718676,9.065221,36712074.42161415,36712074.42161415,36712074.42161415,36699672.27352795,36699672.27352795,36699672.27352795,0.0003379362080882543,0.0003379362080882543,0.0003379362080882543,1326.0,1326.0,1326.0,1071.0,1071.0,1071.0,49193.0,49193.0,49193.0,26043.0,26043.0,26043.0,0.0,0.0,0.0,0.0,0.0,0.0,0.0,0.0,0.0,0.0,0.0,0.0,0.0,0.0,0.0,0.0,0.0,0.0,0.0,0.0,0.0,0.0,0.0,0.0,26043.0,26043.0,26043.0,26043.0,26043.0,26043.0,2641.0,2641.0,2641.0,True,True,24b330f09c109920085387702ca31043c8e7aa8d1da89a91aba2c3f805d4c92a,4720196221075945277,TARGET_REACHED,DISABLED,0.9589899883226457,1.1045316736510906,0.95008505587884,0.9589622198895211,,,1.0,1.0,1.0,1.0,1.0,0.0,"[{""ratio"": 1.0128138982670043, ""repetition"": 1}, {""ratio"": 0.93450052963894, ""repetition"": 2}, {""ratio"": 0.9589899883226457, ""repetition"": 3}]","[{""ratio"": 1.0161979057122434, ""repetition"": 1}, {""ratio"": 0.9212990951884498, ""repetition"": 2}, {""ratio"": 1.1166906794678961, ""repetition"": 3}]","[{""ratio"": 1.0028507252951624, ""repetition"": 1}, {""ratio"": 0.9132857360521927, ""repetition"": 2}, {""ratio"": 0.95008505587884, ""repetition"": 3}]","[{""ratio"": 1.012847034106471, ""repetition"": 1}, {""ratio"": 0.9345241751062621, ""repetition"": 2}, {""ratio"": 0.9589622198895211, ""repetition"": 3}]","[{""ratio"": 1.0, ""repetition"": 1}, {""ratio"": 1.0, ""repetition"": 2}, {""ratio"": 1.0, ""repetition"": 3}]",,,,,,,,,,,,,,,,,,,
steplm-compatible,steplm-compatible,global,3,0,9.381045968,9.272426778,10.180346854,0.24487329,0.186856126,0.248151017,6.736368492,6.565736389,7.402875799,9.382867,9.274684,10.182922,36712074.42161415,36712074.42161415,36712074.42161415,36699672.27352795,36699672.27352795,36699672.27352795,0.0003379362080882543,0.0003379362080882543,0.0003379362080882543,1326.0,1326.0,1326.0,1071.0,1071.0,1071.0,49193.0,49193.0,49193.0,26043.0,26043.0,26043.0,0.0,0.0,0.0,0.0,0.0,0.0,0.0,0.0,0.0,0.0,0.0,0.0,0.0,0.0,0.0,0.0,0.0,0.0,0.0,0.0,0.0,6251.0,5350.0,8135.0,26043.0,26043.0,26043.0,26043.0,26043.0,26043.0,2641.0,2641.0,2641.0,True,True,24b330f09c109920085387702ca31043c8e7aa8d1da89a91aba2c3f805d4c92a,4720196221075945277,TARGET_REACHED,UNSUPPORTED_CANONICAL,1.028662875320887,1.2000595615956635,1.0323683580159821,1.0285443463131483,,,1.0,1.0,1.0,1.0,1.0,0.0,"[{""ratio"": 1.0362824787952383, ""repetition"": 1}, {""ratio"": 1.091492632952364, ""repetition"": 2}, {""ratio"": 1.028662875320887, ""repetition"": 3}]","[{""ratio"": 1.2161228391652599, ""repetition"": 1}, {""ratio"": 0.9275330585791093, ""repetition"": 2}, {""ratio"": 0.9258133585884889, ""repetition"": 3}]","[{""ratio"": 1.0160311694766258, ""repetition"": 1}, {""ratio"": 1.1078998403189182, ""repetition"": 2}, {""ratio"": 1.0323683580159821, ""repetition"": 3}]","[{""ratio"": 1.0362501015336243, ""repetition"": 1}, {""ratio"": 1.0914715470813925, ""repetition"": 2}, {""ratio"": 1.0285443463131483, ""repetition"": 3}]","[{""ratio"": 1.0, ""repetition"": 1}, {""ratio"": 1.0, ""repetition"": 2}, {""ratio"": 1.0, ""repetition"": 3}]",0.9977613127149829,0.9294643156562187,0.9480995464423628,0.9977376989841283,,,1.0,1.0,1.0,1.0,1.0,0.0,"[{""ratio"": 0.9862086536650088, ""repetition"": 1}, {""ratio"": 0.992656250470807, ""repetition"": 2}, {""ratio"": 1.098840309380718, ""repetition"": 3}]","[{""ratio"": 0.941905567550057, ""repetition"": 1}, {""ratio"": 0.9003303863323985, ""repetition"": 2}, {""ratio"": 0.9276518847359453, ""repetition"": 3}]","[{""ratio"": 0.9240842005397553, ""repetition"": 1}, {""ratio"": 0.9942360332329531, ""repetition"": 2}, {""ratio"": 1.1226829690431412, ""repetition"": 3}]","[{""ratio"": 0.9862339381944679, ""repetition"": 1}, {""ratio"": 0.992631872003219, ""repetition"": 2}, {""ratio"": 1.0987439736850424, ""repetition"": 3}]","[{""ratio"": 1.0, ""repetition"": 1}, {""ratio"": 1.0, ""repetition"": 2}, {""ratio"": 1.0, ""repetition"": 3}]",0.0,0.0
steplm-compatible,steplm-compatible,local,3,0,9.402094317,8.537224097,10.255661866,0.263456365,0.201429145,0.27198159,7.10512785,6.000241099,7.445793103,9.404142,8.53963,10.258508,36712074.42161415,36712074.42161415,36712074.42161415,36699672.27352795,36699672.27352795,36699672.27352795,0.0003379362080882543,0.0003379362080882543,0.0003379362080882543,1326.0,1326.0,1326.0,1071.0,1071.0,1071.0,49193.0,49193.0,49193.0,26043.0,26043.0,26043.0,0.0,0.0,0.0,0.0,0.0,0.0,0.0,0.0,0.0,0.0,0.0,0.0,0.0,0.0,0.0,0.0,0.0,0.0,0.0,0.0,0.0,0.0,0.0,0.0,26043.0,26043.0,26043.0,26043.0,26043.0,26043.0,2641.0,2641.0,2641.0,True,True,24b330f09c109920085387702ca31043c8e7aa8d1da89a91aba2c3f805d4c92a,4720196221075945277,TARGET_REACHED,DISABLED,1.0309708967586833,1.2911303224679473,1.088881818254031,1.030876499264673,,,1.0,1.0,1.0,1.0,1.0,0.0,"[{""ratio"": 1.0507740678852715, ""repetition"": 1}, {""ratio"": 1.0995675818639938, ""repetition"": 2}, {""ratio"": 0.9361350020919951, ""repetition"": 3}]","[{""ratio"": 1.2911303224679473, ""repetition"": 1}, {""ratio"": 1.0302140999122822, ""repetition"": 2}, {""ratio"": 0.9980180861186094, ""repetition"": 3}]","[{""ratio"": 1.0995006395338915, ""repetition"": 1}, {""ratio"": 1.11432275967344, ""repetition"": 2}, {""ratio"": 0.9195546618969966, ""repetition"": 3}]","[{""ratio"": 1.0507142995207837, ""repetition"": 1}, {""ratio"": 1.0995733442234796, ""repetition"": 2}, {""ratio"": 0.9361092037333741, ""repetition"": 3}]","[{""ratio"": 1.0, ""repetition"": 1}, {""ratio"": 1.0, ""repetition"": 2}, {""ratio"": 1.0, ""repetition"": 3}]",,,,,,,,,,,,,,,,,,,
steplm-compatible,steplm-compatible,support,3,0,8.679072927,8.170266808,8.782045861,0.192266488,0.18389986,0.260595608,6.262032371,5.62445936,6.533776092,8.681493,8.172735,8.784628,36712074.42161415,36712074.42161415,36712074.42161415,36699672.27352795,36699672.27352795,36699672.27352795,0.0003379362080882543,0.0003379362080882543,0.0003379362080882543,1326.0,1326.0,1326.0,1071.0,1071.0,1071.0,49193.0,49193.0,49193.0,26043.0,26043.0,26043.0,0.0,0.0,0.0,0.0,0.0,0.0,0.0,0.0,0.0,0.0,0.0,0.0,0.0,0.0,0.0,0.0,0.0,0.0,0.0,0.0,0.0,0.0,0.0,0.0,26043.0,26043.0,26043.0,26043.0,26043.0,26043.0,2641.0,2641.0,2641.0,True,True,24b330f09c109920085387702ca31043c8e7aa8d1da89a91aba2c3f805d4c92a,4720196221075945277,TARGET_REACHED,DISABLED,0.9516891978422812,0.942247467246501,0.9596749471721442,0.9516601421193729,,,1.0,1.0,1.0,1.0,1.0,0.0,"[{""ratio"": 0.9699695043993805, ""repetition"": 1}, {""ratio"": 0.9415728655419054, ""repetition"": 2}, {""ratio"": 0.895896915495861, ""repetition"": 3}]","[{""ratio"": 1.2771105051524214, ""repetition"": 1}, {""ratio"": 0.6965773997567067, ""repetition"": 2}, {""ratio"": 0.9526200013335041, ""repetition"": 3}]","[{""ratio"": 0.9690337376119743, ""repetition"": 1}, {""ratio"": 0.9778320865499591, ""repetition"": 2}, {""ratio"": 0.8619650010397355, ""repetition"": 3}]","[{""ratio"": 0.9699735325444455, ""repetition"": 1}, {""ratio"": 0.9415933377172603, ""repetition"": 2}, {""ratio"": 0.8958903902363305, ""repetition"": 3}]","[{""ratio"": 1.0, ""repetition"": 1}, {""ratio"": 1.0, ""repetition"": 2}, {""ratio"": 1.0, ""repetition"": 3}]",,,,,,,,,,,,,,,,,,,
