workload,variant,n,full_initial_planning_seconds_median,full_initial_planning_seconds_min,full_initial_planning_seconds_max,optimizer_seconds_median,optimizer_seconds_min,optimizer_seconds_max,analysis_seconds_median,analysis_seconds_min,analysis_seconds_max,rawValues_median,rawValues_min,rawValues_max,rawCells_median,rawCells_min,rawCells_max,reducedValues_median,reducedValues_min,reducedValues_max,reducedCells_median,reducedCells_min,reducedCells_max,fullChildEvaluations_median,fullChildEvaluations_min,fullChildEvaluations_max,childEvaluations_median,childEvaluations_min,childEvaluations_max,infeasibleCuts_median,infeasibleCuts_min,infeasibleCuts_max,costCuts_median,costCuts_min,costCuts_max,assignments_median,assignments_min,assignments_max,retainedSlots_median,retainedSlots_min,retainedSlots_max,merges_median,merges_min,merges_max,lower_median,lower_min,lower_max,upper_median,upper_min,upper_max,gap_median,gap_min,gap_max,objective_bits,plan_fingerprints,stops
logreg,baseline,3,29.775657283,29.40623189,33.7527592,3.050217074,2.968131962,3.256676218,21.233701881,21.213821856,24.613411321,33698.0,33698.0,33698.0,7514910.0,7514910.0,7514910.0,23791.0,23791.0,23791.0,4934658.0,4934658.0,4934658.0,41421853.0,41421853.0,41421853.0,41421853.0,41421853.0,41421853.0,0.0,0.0,0.0,0.0,0.0,0.0,12028750.0,12028750.0,12028750.0,7992710.0,7992710.0,7992710.0,3303.0,3303.0,3303.0,304.06321524661564,304.06321524661564,304.06321524661564,74333.65643433141,74333.65643433141,74333.65643433141,243.46777086811326,243.46777086811326,243.46777086811326,4679844583184615702,9ff9494e9f24a33d04d0af4f2cb40f8fd75b6d8356dd9065928eb80a7c63fb60,RESOURCE
logreg,local_only,3,29.992348523,29.905913365,30.583735447,2.241391218,2.191126497,2.243541269,22.27676801,21.940453721,22.672056826,33698.0,33698.0,33698.0,7514910.0,7514910.0,7514910.0,23791.0,23791.0,23791.0,4934658.0,4934658.0,4934658.0,41421853.0,41421853.0,41421853.0,13514121.0,13514121.0,13514121.0,5903165.0,5903165.0,5903165.0,73291.0,73291.0,73291.0,12028750.0,12028750.0,12028750.0,7992710.0,7992710.0,7992710.0,3303.0,3303.0,3303.0,304.06321524661564,304.06321524661564,304.06321524661564,74333.65643433141,74333.65643433141,74333.65643433141,243.46777086811326,243.46777086811326,243.46777086811326,4679844583184615702,9ff9494e9f24a33d04d0af4f2cb40f8fd75b6d8356dd9065928eb80a7c63fb60,RESOURCE
logreg,local,3,30.786714583,28.670235132,30.913305542,2.735452189,2.290698403,3.026278051,21.643129088,21.143749419,22.532528588,33698.0,33698.0,33698.0,7514910.0,7514910.0,7514910.0,23762.0,23762.0,23762.0,4933299.0,4933299.0,4933299.0,34847773.0,34847773.0,34847773.0,12334382.0,12334382.0,12334382.0,5564794.0,5564794.0,5564794.0,70140.0,70140.0,70140.0,11676461.0,11676461.0,11676461.0,7962547.0,7962547.0,7962547.0,3303.0,3303.0,3303.0,304.06321524661564,304.06321524661564,304.06321524661564,74333.65643433141,74333.65643433141,74333.65643433141,243.46777086811326,243.46777086811326,243.46777086811326,4679844583184615702,9ff9494e9f24a33d04d0af4f2cb40f8fd75b6d8356dd9065928eb80a7c63fb60,RESOURCE
l2svm,baseline,3,10.824984026,9.84090158,11.368502899,1.380013457,1.069316856,1.665065743,6.901250334,6.460292015,6.941688361,12112.0,12112.0,12112.0,2094351.0,2094351.0,2094351.0,9190.0,9190.0,9190.0,1420988.0,1420988.0,1420988.0,31368632.0,31368632.0,31368632.0,31368632.0,31368632.0,31368632.0,0.0,0.0,0.0,0.0,0.0,0.0,9503679.0,9503679.0,9503679.0,7890556.0,7890556.0,7890556.0,1581.0,1581.0,1581.0,389.5892717655759,389.5892717655759,389.5892717655759,1691.4352690340852,1691.4352690340852,1691.4352690340852,3.341585848523719,3.341585848523719,3.341585848523719,4655153826430085486,c4b9f764b33f8c488e8e41b7ae87b895256405d37260aef64ef61b5a149a80c6,RESOURCE
l2svm,local_only,3,11.637749556,10.746487014,11.804917082,1.208850341,1.023092163,1.255227996,7.811532991,7.08409969,7.829847196,12112.0,12112.0,12112.0,2094351.0,2094351.0,2094351.0,9190.0,9190.0,9190.0,1420988.0,1420988.0,1420988.0,31368632.0,31368632.0,31368632.0,13093221.0,13093221.0,13093221.0,5658187.0,5658187.0,5658187.0,202032.0,202032.0,202032.0,9503679.0,9503679.0,9503679.0,7890556.0,7890556.0,7890556.0,1581.0,1581.0,1581.0,389.5892717655759,389.5892717655759,389.5892717655759,1691.4352690340852,1691.4352690340852,1691.4352690340852,3.341585848523719,3.341585848523719,3.341585848523719,4655153826430085486,c4b9f764b33f8c488e8e41b7ae87b895256405d37260aef64ef61b5a149a80c6,RESOURCE
l2svm,local,3,11.036434682,10.660706378,11.038690281,1.271545557,0.996630769,1.383342007,7.186296905,6.541013353,7.273202407,12112.0,12112.0,12112.0,2094351.0,2094351.0,2094351.0,9168.0,9168.0,9168.0,1419416.0,1419416.0,1419416.0,28427566.0,28427566.0,28427566.0,12030740.0,12030740.0,12030740.0,5481581.0,5481581.0,5481581.0,190564.0,190564.0,190564.0,9270251.0,9270251.0,9270251.0,7780096.0,7780096.0,7780096.0,1581.0,1581.0,1581.0,389.5892717655759,389.5892717655759,389.5892717655759,1691.4352690340852,1691.4352690340852,1691.4352690340852,3.341585848523719,3.341585848523719,3.341585848523719,4655153826430085486,c4b9f764b33f8c488e8e41b7ae87b895256405d37260aef64ef61b5a149a80c6,RESOURCE
pca,baseline,3,2.724904289,2.670648948,2.782003005,0.11909244,0.107644535,0.133662676,1.407858234,1.386987526,1.451890642,446.0,446.0,446.0,7318.0,7318.0,7318.0,385.0,385.0,385.0,5204.0,5204.0,5204.0,33220.0,33220.0,33220.0,33220.0,33220.0,33220.0,0.0,0.0,0.0,0.0,0.0,0.0,9677.0,9677.0,9677.0,10440.0,10440.0,10440.0,505.0,505.0,505.0,1998.3182599424615,1998.3182599424615,1998.3182599424615,1998.526131409438,1998.526131409438,1998.526131409438,0.00010402320348234738,0.00010402320348234738,0.00010402320348234738,4656504426325947325,0e9092b0d2ee166f04737ce65e7d33be670f204f10558b6d3ea57635895035d6,TARGET_REACHED
pca,local_only,3,2.659675038,2.547286886,2.756524202,0.111785824,0.10117446,0.135635333,1.399802018,1.363185918,1.541382173,446.0,446.0,446.0,7318.0,7318.0,7318.0,385.0,385.0,385.0,5204.0,5204.0,5204.0,33220.0,33220.0,33220.0,15169.0,15169.0,15169.0,2797.0,2797.0,2797.0,104.0,104.0,104.0,9677.0,9677.0,9677.0,10440.0,10440.0,10440.0,505.0,505.0,505.0,1998.3182599424615,1998.3182599424615,1998.3182599424615,1998.526131409438,1998.526131409438,1998.526131409438,0.00010402320348234738,0.00010402320348234738,0.00010402320348234738,4656504426325947325,0e9092b0d2ee166f04737ce65e7d33be670f204f10558b6d3ea57635895035d6,TARGET_REACHED
pca,local,3,2.650348805,2.597576587,2.752241288,0.113121706,0.113042342,0.115456463,1.444514396,1.440815643,1.531765555,446.0,446.0,446.0,7318.0,7318.0,7318.0,385.0,385.0,385.0,5204.0,5204.0,5204.0,33220.0,33220.0,33220.0,15169.0,15169.0,15169.0,2797.0,2797.0,2797.0,104.0,104.0,104.0,9677.0,9677.0,9677.0,10440.0,10440.0,10440.0,505.0,505.0,505.0,1998.3182599424615,1998.3182599424615,1998.3182599424615,1998.526131409438,1998.526131409438,1998.526131409438,0.00010402320348234738,0.00010402320348234738,0.00010402320348234738,4656504426325947325,0e9092b0d2ee166f04737ce65e7d33be670f204f10558b6d3ea57635895035d6,TARGET_REACHED
als,baseline,3,4.032457609,3.595006264,4.621216452,0.134829538,0.092998319,0.144514109,2.081989417,1.929198788,2.576003157,394.0,394.0,394.0,4314.0,4314.0,4314.0,359.0,359.0,359.0,3144.0,3144.0,3144.0,0.0,0.0,0.0,0.0,0.0,0.0,0.0,0.0,0.0,0.0,0.0,0.0,3144.0,3144.0,3144.0,3144.0,3144.0,3144.0,1245.0,1245.0,1245.0,1302540.2879920152,1302540.2879920152,1302540.2879920152,1348514.7196450569,1348514.7196450569,1348514.7196450569,0.03529597669789963,0.03529597669789963,0.03529597669789963,4698542638339106960,3cd4cb111fdcb1d1653cc2fb81a752f887d1f1f845f73ad218ceb7f88c3458fd,TARGET_REACHED
als,local_only,3,4.394169835,4.10543763,4.655364262,0.11670649,0.112163996,0.152946369,2.40019043,2.248395636,2.668344805,394.0,394.0,394.0,4314.0,4314.0,4314.0,359.0,359.0,359.0,3144.0,3144.0,3144.0,0.0,0.0,0.0,0.0,0.0,0.0,0.0,0.0,0.0,0.0,0.0,0.0,3144.0,3144.0,3144.0,3144.0,3144.0,3144.0,1245.0,1245.0,1245.0,1302540.2879920152,1302540.2879920152,1302540.2879920152,1348514.7196450569,1348514.7196450569,1348514.7196450569,0.03529597669789963,0.03529597669789963,0.03529597669789963,4698542638339106960,3cd4cb111fdcb1d1653cc2fb81a752f887d1f1f845f73ad218ceb7f88c3458fd,TARGET_REACHED
als,local,3,4.193227471,3.910355859,4.398908054,0.113450877,0.104205536,0.12307085,2.46285446,2.088238574,2.60658064,394.0,394.0,394.0,4314.0,4314.0,4314.0,358.0,358.0,358.0,3134.0,3134.0,3134.0,0.0,0.0,0.0,0.0,0.0,0.0,0.0,0.0,0.0,0.0,0.0,0.0,3134.0,3134.0,3134.0,3134.0,3134.0,3134.0,1246.0,1246.0,1246.0,1302540.2879920152,1302540.2879920152,1302540.2879920152,1348514.7196450569,1348514.7196450569,1348514.7196450569,0.03529597669789963,0.03529597669789963,0.03529597669789963,4698542638339106960,3cd4cb111fdcb1d1653cc2fb81a752f887d1f1f845f73ad218ceb7f88c3458fd,TARGET_REACHED
kmeans,baseline,3,6.056404095,5.945388248,6.240999566,0.705477838,0.685691624,0.716461194,3.420045522,3.363433533,3.470825164,1970.0,1970.0,1970.0,75932.0,75932.0,75932.0,1696.0,1696.0,1696.0,52244.0,52244.0,52244.0,15583870.0,15583870.0,15583870.0,15583870.0,15583870.0,15583870.0,0.0,0.0,0.0,0.0,0.0,0.0,1615933.0,1615933.0,1615933.0,611228.0,611228.0,611228.0,2072.0,2072.0,2072.0,2758.985992688289,2758.985992688289,2758.985992688289,2758.985992688289,2758.985992688289,2758.985992688289,0.0,0.0,0.0,4658285489433386136,5814185bc6340169f13539f627878f87327b1429c600bcbffcb74c66df6948ec,EXACT
kmeans,local_only,3,5.635148147,5.236299146,6.419538686,0.488617223,0.472256373,0.601746025,3.168046146,3.086170569,3.477153213,1970.0,1970.0,1970.0,75932.0,75932.0,75932.0,1696.0,1696.0,1696.0,52244.0,52244.0,52244.0,15583870.0,15583870.0,15583870.0,4053792.0,4053792.0,4053792.0,1295080.0,1295080.0,1295080.0,12789.0,12789.0,12789.0,1615933.0,1615933.0,1615933.0,611228.0,611228.0,611228.0,2072.0,2072.0,2072.0,2758.985992688289,2758.985992688289,2758.985992688289,2758.985992688289,2758.985992688289,2758.985992688289,0.0,0.0,0.0,4658285489433386136,5814185bc6340169f13539f627878f87327b1429c600bcbffcb74c66df6948ec,EXACT
kmeans,local,3,5.859827718,5.604849489,6.070436581,0.59645064,0.456776812,0.613496942,3.385316667,3.018862694,3.396687572,1970.0,1970.0,1970.0,75932.0,75932.0,75932.0,1696.0,1696.0,1696.0,52244.0,52244.0,52244.0,15583870.0,15583870.0,15583870.0,4053792.0,4053792.0,4053792.0,1295080.0,1295080.0,1295080.0,12789.0,12789.0,12789.0,1615933.0,1615933.0,1615933.0,611228.0,611228.0,611228.0,2072.0,2072.0,2072.0,2758.985992688289,2758.985992688289,2758.985992688289,2758.985992688289,2758.985992688289,2758.985992688289,0.0,0.0,0.0,4658285489433386136,5814185bc6340169f13539f627878f87327b1429c600bcbffcb74c66df6948ec,EXACT
lm,baseline,3,2.190213063,1.960001297,2.424067653,0.090459344,0.090072687,0.0932043,0.939873287,0.743967137,1.005295149,241.0,241.0,241.0,6395.0,6395.0,6395.0,208.0,208.0,208.0,4758.0,4758.0,4758.0,1740.0,1740.0,1740.0,1740.0,1740.0,1740.0,0.0,0.0,0.0,0.0,0.0,0.0,4936.0,4936.0,4936.0,4970.0,4970.0,4970.0,241.0,241.0,241.0,50.16865894508741,50.16865894508741,50.16865894508741,51.407386332933704,51.407386332933704,51.407386332933704,0.024691259720578892,0.024691259720578892,0.024691259720578892,4632431763744908497,32c0bc07dd8bb4b817a44584abbbe1b36cff7ee719a9534074fab50c6803a193,TARGET_REACHED
lm,local_only,3,2.292689827,2.207815068,2.307950269,0.103684612,0.090044343,0.112222376,0.882493439,0.876970199,0.886983974,241.0,241.0,241.0,6395.0,6395.0,6395.0,208.0,208.0,208.0,4758.0,4758.0,4758.0,1740.0,1740.0,1740.0,1089.0,1089.0,1089.0,121.0,121.0,121.0,0.0,0.0,0.0,4936.0,4936.0,4936.0,4970.0,4970.0,4970.0,241.0,241.0,241.0,50.16865894508741,50.16865894508741,50.16865894508741,51.407386332933704,51.407386332933704,51.407386332933704,0.024691259720578892,0.024691259720578892,0.024691259720578892,4632431763744908497,32c0bc07dd8bb4b817a44584abbbe1b36cff7ee719a9534074fab50c6803a193,TARGET_REACHED
lm,local,3,2.1798128,2.021594676,2.237928395,0.085008121,0.071241802,0.098946226,0.864658215,0.739205025,0.874138156,241.0,241.0,241.0,6395.0,6395.0,6395.0,208.0,208.0,208.0,4758.0,4758.0,4758.0,1740.0,1740.0,1740.0,1089.0,1089.0,1089.0,121.0,121.0,121.0,0.0,0.0,0.0,4936.0,4936.0,4936.0,4970.0,4970.0,4970.0,241.0,241.0,241.0,50.16865894508741,50.16865894508741,50.16865894508741,51.407386332933704,51.407386332933704,51.407386332933704,0.024691259720578892,0.024691259720578892,0.024691259720578892,4632431763744908497,32c0bc07dd8bb4b817a44584abbbe1b36cff7ee719a9534074fab50c6803a193,TARGET_REACHED
glm,baseline,3,79.642698825,74.580942983,81.610336028,10.196133526,9.992928148,11.772050438,43.91186546,38.909328625,44.789216366,220439.0,220439.0,220439.0,110862677.0,110862677.0,110862677.0,186154.0,186154.0,186154.0,90431506.0,90431506.0,90431506.0,0.0,0.0,0.0,0.0,0.0,0.0,0.0,0.0,0.0,0.0,0.0,0.0,0.0,0.0,0.0,0.0,0.0,0.0,0.0,0.0,0.0,0.0,0.0,0.0,79553.500493499,79553.500493499,79553.500493499,inf,inf,inf,4680203288137005217,f4c4c9194ca01fc5d44817942c42626b751e8f50a46360f68d85fbe2936cf31c,RESOURCE_INITIAL
glm,local_only,3,77.701850073,75.275232215,78.596108935,10.721779927,10.106644326,11.557655671,41.103265032,40.267487088,42.836810876,220439.0,220439.0,220439.0,110862677.0,110862677.0,110862677.0,186154.0,186154.0,186154.0,90431506.0,90431506.0,90431506.0,0.0,0.0,0.0,0.0,0.0,0.0,0.0,0.0,0.0,0.0,0.0,0.0,0.0,0.0,0.0,0.0,0.0,0.0,0.0,0.0,0.0,0.0,0.0,0.0,79553.500493499,79553.500493499,79553.500493499,inf,inf,inf,4680203288137005217,f4c4c9194ca01fc5d44817942c42626b751e8f50a46360f68d85fbe2936cf31c,RESOURCE_INITIAL
glm,local,3,77.438913904,76.972386878,80.206312275,11.414867941,10.537945212,11.422521691,41.814164804,41.692225556,43.337333692,220439.0,220439.0,220439.0,110862677.0,110862677.0,110862677.0,186147.0,186147.0,186147.0,90431230.0,90431230.0,90431230.0,0.0,0.0,0.0,0.0,0.0,0.0,0.0,0.0,0.0,0.0,0.0,0.0,0.0,0.0,0.0,0.0,0.0,0.0,0.0,0.0,0.0,0.0,0.0,0.0,79553.500493499,79553.500493499,79553.500493499,inf,inf,inf,4680203288137005217,f4c4c9194ca01fc5d44817942c42626b751e8f50a46360f68d85fbe2936cf31c,RESOURCE_INITIAL
gnmf,baseline,3,3.221703691,3.061266734,3.500784127,0.272112016,0.251251052,0.301193424,1.682841482,1.602128577,2.067896105,692.0,692.0,692.0,21429.0,21429.0,21429.0,579.0,579.0,579.0,16201.0,16201.0,16201.0,2350911.0,2350911.0,2350911.0,2350911.0,2350911.0,2350911.0,0.0,0.0,0.0,0.0,0.0,0.0,290857.0,290857.0,290857.0,252537.0,252537.0,252537.0,587.0,587.0,587.0,10947.472674026232,10947.472674026232,10947.472674026232,10947.47267402624,10947.47267402624,10947.47267402624,6.646244143131071e-16,6.646244143131071e-16,6.646244143131071e-16,4667244051078389295,1ee5554b08b1b0c7ab2f088d7beccaa7302c2a613ba216c5d4480e8645d1e063,TARGET_REACHED
gnmf,local_only,3,3.250920379,3.233111102,3.491272083,0.224716324,0.202215286,0.253471305,1.752974364,1.737385039,2.066941673,692.0,692.0,692.0,21429.0,21429.0,21429.0,579.0,579.0,579.0,16201.0,16201.0,16201.0,2350911.0,2350911.0,2350911.0,625471.0,625471.0,625471.0,173203.0,173203.0,173203.0,11878.0,11878.0,11878.0,290857.0,290857.0,290857.0,252537.0,252537.0,252537.0,587.0,587.0,587.0,10947.472674026232,10947.472674026232,10947.472674026232,10947.47267402624,10947.47267402624,10947.47267402624,6.646244143131071e-16,6.646244143131071e-16,6.646244143131071e-16,4667244051078389295,1ee5554b08b1b0c7ab2f088d7beccaa7302c2a613ba216c5d4480e8645d1e063,TARGET_REACHED
gnmf,local,3,3.225945467,3.027265854,3.285949612,0.18615727,0.182143862,0.211410575,1.885607501,1.598627242,1.888628597,692.0,692.0,692.0,21429.0,21429.0,21429.0,575.0,575.0,575.0,16145.0,16145.0,16145.0,1727214.0,1727214.0,1727214.0,506391.0,506391.0,506391.0,137846.0,137846.0,137846.0,11147.0,11147.0,11147.0,245585.0,245585.0,245585.0,229577.0,229577.0,229577.0,585.0,585.0,585.0,10947.47267402623,10947.47267402623,10947.47267402623,10947.47267402624,10947.47267402624,10947.47267402624,8.307805178913839e-16,8.307805178913839e-16,8.307805178913839e-16,4667244051078389295,1ee5554b08b1b0c7ab2f088d7beccaa7302c2a613ba216c5d4480e8645d1e063,TARGET_REACHED
gmm,baseline,3,6.288008113,5.906818528,6.700697919,0.202792067,0.190100112,0.256382165,4.199444476,3.749263362,4.44522069,1209.0,1209.0,1209.0,27575.0,27575.0,27575.0,1107.0,1107.0,1107.0,21830.0,21830.0,21830.0,137558.0,137558.0,137558.0,137558.0,137558.0,137558.0,0.0,0.0,0.0,0.0,0.0,0.0,54734.0,54734.0,54734.0,61238.0,61238.0,61238.0,1960.0,1960.0,1960.0,8225.23857235275,8225.23857235275,8225.23857235275,8225.238572352795,8225.238572352795,8225.238572352795,5.528682808240882e-15,5.528682808240882e-15,5.528682808240882e-15,4665747487054230142,7500541ab48bef409181158cd4c42b3c66389e6792f1c958c439acd5ead11d56,TARGET_REACHED
gmm,local_only,3,6.650499984,6.320075762,7.197430121,0.212293653,0.19478732,0.249974032,4.381555255,4.068302815,4.77729347,1209.0,1209.0,1209.0,27575.0,27575.0,27575.0,1107.0,1107.0,1107.0,21830.0,21830.0,21830.0,137558.0,137558.0,137558.0,73405.0,73405.0,73405.0,21240.0,21240.0,21240.0,134.0,134.0,134.0,54734.0,54734.0,54734.0,61238.0,61238.0,61238.0,1960.0,1960.0,1960.0,8225.23857235275,8225.23857235275,8225.23857235275,8225.238572352795,8225.238572352795,8225.238572352795,5.528682808240882e-15,5.528682808240882e-15,5.528682808240882e-15,4665747487054230142,7500541ab48bef409181158cd4c42b3c66389e6792f1c958c439acd5ead11d56,TARGET_REACHED
gmm,local,3,6.229564147,5.996698092,6.336453983,0.263518133,0.21505816,0.297984576,3.927821542,3.733770435,3.994237551,1209.0,1209.0,1209.0,27575.0,27575.0,27575.0,1107.0,1107.0,1107.0,21830.0,21830.0,21830.0,137558.0,137558.0,137558.0,73405.0,73405.0,73405.0,21240.0,21240.0,21240.0,134.0,134.0,134.0,54734.0,54734.0,54734.0,61238.0,61238.0,61238.0,1960.0,1960.0,1960.0,8225.23857235275,8225.23857235275,8225.23857235275,8225.238572352795,8225.238572352795,8225.238572352795,5.528682808240882e-15,5.528682808240882e-15,5.528682808240882e-15,4665747487054230142,7500541ab48bef409181158cd4c42b3c66389e6792f1c958c439acd5ead11d56,TARGET_REACHED
steplm-compatible,baseline,3,8.660414375,8.454563756,9.215103421,0.185732765,0.181811719,0.243689341,6.238147789,6.167675342,6.694045326,1326.0,1326.0,1326.0,49193.0,49193.0,49193.0,1071.0,1071.0,1071.0,26043.0,26043.0,26043.0,0.0,0.0,0.0,0.0,0.0,0.0,0.0,0.0,0.0,0.0,0.0,0.0,26043.0,26043.0,26043.0,26043.0,26043.0,26043.0,2641.0,2641.0,2641.0,36699672.27352795,36699672.27352795,36699672.27352795,36712074.42161415,36712074.42161415,36712074.42161415,0.0003379362080882543,0.0003379362080882543,0.0003379362080882543,4720196221075945277,24b330f09c109920085387702ca31043c8e7aa8d1da89a91aba2c3f805d4c92a,TARGET_REACHED
steplm-compatible,local_only,3,8.404235001,8.333458335,9.765261783,0.218867172,0.197752332,0.229015683,6.049028468,6.018194363,7.145222858,1326.0,1326.0,1326.0,49193.0,49193.0,49193.0,1071.0,1071.0,1071.0,26043.0,26043.0,26043.0,0.0,0.0,0.0,0.0,0.0,0.0,0.0,0.0,0.0,0.0,0.0,0.0,26043.0,26043.0,26043.0,26043.0,26043.0,26043.0,2641.0,2641.0,2641.0,36699672.27352795,36699672.27352795,36699672.27352795,36712074.42161415,36712074.42161415,36712074.42161415,0.0003379362080882543,0.0003379362080882543,0.0003379362080882543,4720196221075945277,24b330f09c109920085387702ca31043c8e7aa8d1da89a91aba2c3f805d4c92a,TARGET_REACHED
steplm-compatible,local,3,8.44422523,8.434386071,8.715241686,0.203306992,0.195298754,0.255593588,6.006355149,5.991202411,6.14140246,1326.0,1326.0,1326.0,49193.0,49193.0,49193.0,1071.0,1071.0,1071.0,26043.0,26043.0,26043.0,0.0,0.0,0.0,0.0,0.0,0.0,0.0,0.0,0.0,0.0,0.0,0.0,26043.0,26043.0,26043.0,26043.0,26043.0,26043.0,2641.0,2641.0,2641.0,36699672.27352795,36699672.27352795,36699672.27352795,36712074.42161415,36712074.42161415,36712074.42161415,0.0003379362080882543,0.0003379362080882543,0.0003379362080882543,4720196221075945277,24b330f09c109920085387702ca31043c8e7aa8d1da89a91aba2c3f805d4c92a,TARGET_REACHED
