hop_id,type,operation,reason_code,description
164,ALLOWED_BUT_NULL,DataOp.TWrite,PROPAGATE_FROM_INPUT,Operation allowed but FType is NULL
180,ALLOWED_BUT_NULL,AggBinaryOp.AGGBINARY,AGGR_BINARY_MIXED_NULL,Operation allowed but FType is NULL
180,ALLOWED_BUT_NULL,AggBinaryOp.AGGBINARY,TSMM_PATTERN,Operation allowed but FType is NULL
180,ALLOWED_BUT_NULL,AggBinaryOp.AGGBINARY,PROPAGATE_FROM_INPUT,Operation allowed but FType is NULL
181,ALLOWED_BUT_NULL,DataOp.TWrite,PROPAGATE_FROM_INPUT,Operation allowed but FType is NULL
185,ALLOWED_BUT_NULL,DataOp.TWrite,PROPAGATE_FROM_INPUT,Operation allowed but FType is NULL
202,ALLOWED_BUT_NULL,DataOp.TWrite,PROPAGATE_FROM_INPUT,Operation allowed but FType is NULL
203,ALLOWED_BUT_NULL,DataOp.TWrite,PROPAGATE_FROM_INPUT,Operation allowed but FType is NULL
205,ALLOWED_BUT_NULL,DataOp.TWrite,UNKNOWN_HOP_TYPE,Operation allowed but FType is NULL
205,ALLOWED_BUT_NULL,DataOp.TWrite,SCALAR_HOP,Operation allowed but FType is NULL
205,ALLOWED_BUT_NULL,DataOp.TWrite,PROPAGATE_FROM_INPUT,Operation allowed but FType is NULL
207,ALLOWED_BUT_NULL,DataOp.TWrite,UNKNOWN_HOP_TYPE,Operation allowed but FType is NULL
207,ALLOWED_BUT_NULL,DataOp.TWrite,SCALAR_HOP,Operation allowed but FType is NULL
207,ALLOWED_BUT_NULL,DataOp.TWrite,PROPAGATE_FROM_INPUT,Operation allowed but FType is NULL
208,ALLOWED_BUT_NULL,DataOp.TRead,PROPAGATE_FROM_INPUT,Operation allowed but FType is NULL
209,ALLOWED_BUT_NULL,DataOp.TRead,PROPAGATE_FROM_INPUT,Operation allowed but FType is NULL
213,ALLOWED_BUT_NULL,DataOp.TRead,PROPAGATE_FROM_INPUT,Operation allowed but FType is NULL
214,ALLOWED_BUT_NULL,DataOp.TRead,PROPAGATE_FROM_INPUT,Operation allowed but FType is NULL
217,ALLOWED_BUT_NULL,DataOp.TRead,PROPAGATE_FROM_INPUT,Operation allowed but FType is NULL
218,ALLOWED_BUT_NULL,DataOp.TRead,PROPAGATE_FROM_INPUT,Operation allowed but FType is NULL
222,ALLOWED_BUT_NULL,UnaryOp.ucumk+,UNARY_ALLOWED,Operation allowed but FType is NULL
222,ALLOWED_BUT_NULL,UnaryOp.ucumk+,UNKNOWN_HOP_TYPE,Operation allowed but FType is NULL
222,ALLOWED_BUT_NULL,UnaryOp.ucumk+,PROPAGATE_FROM_INPUT,Operation allowed but FType is NULL
274,ALLOWED_BUT_NULL,DataOp.TWrite,PROPAGATE_FROM_INPUT,Operation allowed but FType is NULL
291,ALLOWED_BUT_NULL,DataOp.TWrite,PROPAGATE_FROM_INPUT,Operation allowed but FType is NULL
301,ALLOWED_BUT_NULL,DataOp.TWrite,PROPAGATE_FROM_INPUT,Operation allowed but FType is NULL
310,ALLOWED_BUT_NULL,DataOp.TWrite,PROPAGATE_FROM_INPUT,Operation allowed but FType is NULL
319,ALLOWED_BUT_NULL,DataOp.TWrite,PROPAGATE_FROM_INPUT,Operation allowed but FType is NULL
325,ALLOWED_BUT_NULL,DataOp.TWrite,UNKNOWN_HOP_TYPE,Operation allowed but FType is NULL
325,ALLOWED_BUT_NULL,DataOp.TWrite,SCALAR_HOP,Operation allowed but FType is NULL
325,ALLOWED_BUT_NULL,DataOp.TWrite,PROPAGATE_FROM_INPUT,Operation allowed but FType is NULL
327,ALLOWED_BUT_NULL,DataOp.TWrite,UNKNOWN_HOP_TYPE,Operation allowed but FType is NULL
327,ALLOWED_BUT_NULL,DataOp.TWrite,SCALAR_HOP,Operation allowed but FType is NULL
327,ALLOWED_BUT_NULL,DataOp.TWrite,PROPAGATE_FROM_INPUT,Operation allowed but FType is NULL
329,ALLOWED_BUT_NULL,DataOp.TRead,PROPAGATE_FROM_INPUT,Operation allowed but FType is NULL
340,ALLOWED_BUT_NULL,DataOp.TWrite,PROPAGATE_FROM_INPUT,Operation allowed but FType is NULL
341,ALLOWED_BUT_NULL,DataOp.TWrite,PROPAGATE_FROM_INPUT,Operation allowed but FType is NULL
343,ALLOWED_BUT_NULL,DataOp.TWrite,PROPAGATE_FROM_INPUT,Operation allowed but FType is NULL
345,ALLOWED_BUT_NULL,DataOp.TWrite,PROPAGATE_FROM_INPUT,Operation allowed but FType is NULL
347,ALLOWED_BUT_NULL,DataOp.TWrite,PROPAGATE_FROM_INPUT,Operation allowed but FType is NULL
348,ALLOWED_BUT_NULL,DataOp.TRead,PROPAGATE_FROM_INPUT,Operation allowed but FType is NULL
351,ALLOWED_BUT_NULL,DataOp.TWrite,UNKNOWN_HOP_TYPE,Operation allowed but FType is NULL
351,ALLOWED_BUT_NULL,DataOp.TWrite,SCALAR_HOP,Operation allowed but FType is NULL
351,ALLOWED_BUT_NULL,DataOp.TWrite,PROPAGATE_FROM_INPUT,Operation allowed but FType is NULL
352,ALLOWED_BUT_NULL,DataOp.TRead,PROPAGATE_FROM_INPUT,Operation allowed but FType is NULL
353,ALLOWED_BUT_NULL,DataOp.TRead,PROPAGATE_FROM_INPUT,Operation allowed but FType is NULL
355,ALLOWED_BUT_NULL,DataOp.TRead,PROPAGATE_FROM_INPUT,Operation allowed but FType is NULL
358,ALLOWED_BUT_NULL,AggBinaryOp.AGGBINARY,AGGR_BINARY_MIXED_NULL,Operation allowed but FType is NULL
359,ALLOWED_BUT_NULL,BinaryOp.*,BINARY_MIXED_NULL,Operation allowed but FType is NULL
364,ALLOWED_BUT_NULL,BinaryOp.+,BINARY_MIXED_NULL,Operation allowed but FType is NULL
366,ALLOWED_BUT_NULL,AggUnaryOp.min,AGGR_UNARY_ALLOWED,Operation allowed but FType is NULL
368,ALLOWED_BUT_NULL,DataOp.TWrite,PROPAGATE_FROM_INPUT,Operation allowed but FType is NULL
369,ALLOWED_BUT_NULL,AggUnaryOp.+,AGGR_UNARY_ALLOWED,Operation allowed but FType is NULL
369,ALLOWED_BUT_NULL,AggUnaryOp.+,SCALAR_HOP,Operation allowed but FType is NULL
369,ALLOWED_BUT_NULL,AggUnaryOp.+,PROPAGATE_FROM_INPUT,Operation allowed but FType is NULL
371,ALLOWED_BUT_NULL,DataOp.TWrite,PROPAGATE_FROM_INPUT,Operation allowed but FType is NULL
411,ALLOWED_BUT_NULL,DataOp.TRead,PROPAGATE_FROM_INPUT,Operation allowed but FType is NULL
413,ALLOWED_BUT_NULL,BinaryOp.<=,BINARY_SAME_FTYPE,Operation allowed but FType is NULL
414,ALLOWED_BUT_NULL,AggUnaryOp.+,AGGR_UNARY_ALLOWED,Operation allowed but FType is NULL
415,ALLOWED_BUT_NULL,BinaryOp./,BINARY_SAME_FTYPE,Operation allowed but FType is NULL
416,ALLOWED_BUT_NULL,AggUnaryOp.+,AGGR_UNARY_ALLOWED,Operation allowed but FType is NULL
416,ALLOWED_BUT_NULL,AggUnaryOp.+,AGGR_DIRECTION_MISMATCH,Operation allowed but FType is NULL
416,ALLOWED_BUT_NULL,AggUnaryOp.+,PROPAGATE_FROM_INPUT,Operation allowed but FType is NULL
417,ALLOWED_BUT_NULL,DataOp.TWrite,PROPAGATE_FROM_INPUT,Operation allowed but FType is NULL
418,ALLOWED_BUT_NULL,ReorgOp.r',UNKNOWN_HOP_TYPE,Operation allowed but FType is NULL
419,ALLOWED_BUT_NULL,AggBinaryOp.AGGBINARY,AGGR_BINARY_COL_ROW,Operation allowed but FType is NULL
419,ALLOWED_BUT_NULL,AggBinaryOp.AGGBINARY,TSMM_PATTERN,Operation allowed but FType is NULL
419,ALLOWED_BUT_NULL,AggBinaryOp.AGGBINARY,PROPAGATE_FROM_INPUT,Operation allowed but FType is NULL
422,ALLOWED_BUT_NULL,DataOp.TWrite,PROPAGATE_FROM_INPUT,Operation allowed but FType is NULL
425,ALLOWED_BUT_NULL,DataOp.TWrite,PROPAGATE_FROM_INPUT,Operation allowed but FType is NULL
427,ALLOWED_BUT_NULL,DataOp.TRead,PROPAGATE_FROM_INPUT,Operation allowed but FType is NULL
428,ALLOWED_BUT_NULL,DataOp.TRead,PROPAGATE_FROM_INPUT,Operation allowed but FType is NULL
432,ALLOWED_BUT_NULL,DataOp.TWrite,UNKNOWN_HOP_TYPE,Operation allowed but FType is NULL
432,ALLOWED_BUT_NULL,DataOp.TWrite,SCALAR_HOP,Operation allowed but FType is NULL
432,ALLOWED_BUT_NULL,DataOp.TWrite,PROPAGATE_FROM_INPUT,Operation allowed but FType is NULL
434,ALLOWED_BUT_NULL,DataOp.TWrite,PROPAGATE_FROM_INPUT,Operation allowed but FType is NULL
436,ALLOWED_BUT_NULL,DataOp.TRead,PROPAGATE_FROM_INPUT,Operation allowed but FType is NULL
438,ALLOWED_BUT_NULL,DataOp.TWrite,UNKNOWN_HOP_TYPE,Operation allowed but FType is NULL
438,ALLOWED_BUT_NULL,DataOp.TWrite,SCALAR_HOP,Operation allowed but FType is NULL
438,ALLOWED_BUT_NULL,DataOp.TWrite,PROPAGATE_FROM_INPUT,Operation allowed but FType is NULL
440,ALLOWED_BUT_NULL,DataOp.TWrite,PROPAGATE_FROM_INPUT,Operation allowed but FType is NULL
441,ALLOWED_BUT_NULL,DataOp.TRead,PROPAGATE_FROM_INPUT,Operation allowed but FType is NULL
447,ALLOWED_BUT_NULL,DataOp.TWrite,UNKNOWN_HOP_TYPE,Operation allowed but FType is NULL
447,ALLOWED_BUT_NULL,DataOp.TWrite,SCALAR_HOP,Operation allowed but FType is NULL
447,ALLOWED_BUT_NULL,DataOp.TWrite,PROPAGATE_FROM_INPUT,Operation allowed but FType is NULL
449,ALLOWED_BUT_NULL,DataOp.TWrite,PROPAGATE_FROM_INPUT,Operation allowed but FType is NULL
450,ALLOWED_BUT_NULL,DataOp.TRead,PROPAGATE_FROM_INPUT,Operation allowed but FType is NULL
451,ALLOWED_BUT_NULL,DataOp.TWrite,PROPAGATE_FROM_INPUT,Operation allowed but FType is NULL
452,ALLOWED_BUT_NULL,DataOp.TRead,PROPAGATE_FROM_INPUT,Operation allowed but FType is NULL
453,ALLOWED_BUT_NULL,DataOp.TWrite,PROPAGATE_FROM_INPUT,Operation allowed but FType is NULL
472,ALLOWED_BUT_NULL,DataOp.TRead,PROPAGATE_FROM_INPUT,Operation allowed but FType is NULL
473,ALLOWED_BUT_NULL,DataOp.TRead,PROPAGATE_FROM_INPUT,Operation allowed but FType is NULL
474,ALLOWED_BUT_NULL,DataOp.TRead,PROPAGATE_FROM_INPUT,Operation allowed but FType is NULL
475,ALLOWED_BUT_NULL,DataOp.TRead,PROPAGATE_FROM_INPUT,Operation allowed but FType is NULL
476,ALLOWED_BUT_NULL,DataOp.TRead,PROPAGATE_FROM_INPUT,Operation allowed but FType is NULL
477,ALLOWED_BUT_NULL,DataOp.TRead,PROPAGATE_FROM_INPUT,Operation allowed but FType is NULL
480,ALLOWED_BUT_NULL,DataOp.TRead,PROPAGATE_FROM_INPUT,Operation allowed but FType is NULL
491,ALLOWED_BUT_NULL,DataOp.TWrite,PROPAGATE_FROM_INPUT,Operation allowed but FType is NULL
495,ALLOWED_BUT_NULL,DataOp.TWrite,PROPAGATE_FROM_INPUT,Operation allowed but FType is NULL
499,ALLOWED_BUT_NULL,DataOp.TWrite,PROPAGATE_FROM_INPUT,Operation allowed but FType is NULL
503,ALLOWED_BUT_NULL,DataOp.TWrite,PROPAGATE_FROM_INPUT,Operation allowed but FType is NULL
504,ALLOWED_BUT_NULL,DataOp.TRead,PROPAGATE_FROM_INPUT,Operation allowed but FType is NULL
524,ALLOWED_BUT_NULL,DataOp.TWrite,PROPAGATE_FROM_INPUT,Operation allowed but FType is NULL
566,ALLOWED_BUT_NULL,UnaryOp.castdts,UNARY_ALLOWED,Operation allowed but FType is NULL
566,ALLOWED_BUT_NULL,UnaryOp.castdts,SCALAR_HOP,Operation allowed but FType is NULL
566,ALLOWED_BUT_NULL,UnaryOp.castdts,PROPAGATE_FROM_INPUT,Operation allowed but FType is NULL
567,ALLOWED_BUT_NULL,DataOp.TWrite,PROPAGATE_FROM_INPUT,Operation allowed but FType is NULL
568,ALLOWED_BUT_NULL,DataOp.TRead,PROPAGATE_FROM_INPUT,Operation allowed but FType is NULL
571,ALLOWED_BUT_NULL,DataOp.TWrite,UNKNOWN_HOP_TYPE,Operation allowed but FType is NULL
571,ALLOWED_BUT_NULL,DataOp.TWrite,SCALAR_HOP,Operation allowed but FType is NULL
571,ALLOWED_BUT_NULL,DataOp.TWrite,PROPAGATE_FROM_INPUT,Operation allowed but FType is NULL
572,ALLOWED_BUT_NULL,DataOp.TRead,PROPAGATE_FROM_INPUT,Operation allowed but FType is NULL
574,ALLOWED_BUT_NULL,DataOp.TRead,PROPAGATE_FROM_INPUT,Operation allowed but FType is NULL
611,ALLOWED_BUT_NULL,UnaryOp.castvti,UNARY_ALLOWED,Operation allowed but FType is NULL
611,ALLOWED_BUT_NULL,UnaryOp.castvti,SCALAR_HOP,Operation allowed but FType is NULL
611,ALLOWED_BUT_NULL,UnaryOp.castvti,PROPAGATE_FROM_INPUT,Operation allowed but FType is NULL
632,ALLOWED_BUT_NULL,DataOp.TRead,PROPAGATE_FROM_INPUT,Operation allowed but FType is NULL
644,ALLOWED_BUT_NULL,DataOp.TWrite,PROPAGATE_FROM_INPUT,Operation allowed but FType is NULL
647,ALLOWED_BUT_NULL,AggBinaryOp.AGGBINARY,AGGR_BINARY_MIXED_NULL,Operation allowed but FType is NULL
648,ALLOWED_BUT_NULL,BinaryOp.*,BINARY_MIXED_NULL,Operation allowed but FType is NULL
653,ALLOWED_BUT_NULL,BinaryOp.+,BINARY_MIXED_NULL,Operation allowed but FType is NULL
654,ALLOWED_BUT_NULL,AggUnaryOp.min,AGGR_UNARY_ALLOWED,Operation allowed but FType is NULL
655,ALLOWED_BUT_NULL,BinaryOp.<=,BINARY_SAME_FTYPE,Operation allowed but FType is NULL
656,ALLOWED_BUT_NULL,ReorgOp.r',UNKNOWN_HOP_TYPE,Operation allowed but FType is NULL
657,ALLOWED_BUT_NULL,UnaryOp.ucumk+,UNARY_ALLOWED,Operation allowed but FType is NULL
657,ALLOWED_BUT_NULL,UnaryOp.ucumk+,UNKNOWN_HOP_TYPE,Operation allowed but FType is NULL
657,ALLOWED_BUT_NULL,UnaryOp.ucumk+,PROPAGATE_FROM_INPUT,Operation allowed but FType is NULL
664,ALLOWED_BUT_NULL,DataOp.TWrite,PROPAGATE_FROM_INPUT,Operation allowed but FType is NULL
696,ALLOWED_BUT_NULL,DataOp.TWrite,PROPAGATE_FROM_INPUT,Operation allowed but FType is NULL
705,ALLOWED_BUT_NULL,DataOp.TWrite,PROPAGATE_FROM_INPUT,Operation allowed but FType is NULL
774,ALLOWED_BUT_NULL,FunctionOp.m_kmeans,UNKNOWN_HOP_TYPE,Operation allowed but FType is NULL
774,ALLOWED_BUT_NULL,FunctionOp.m_kmeans,PROPAGATE_FROM_INPUT,Operation allowed but FType is NULL
775,ALLOWED_BUT_NULL,DataOp.TRead,PROPAGATE_FROM_INPUT,Operation allowed but FType is NULL
863,ALLOWED_BUT_NULL,UnaryOp.castdtm,UNARY_ALLOWED,Operation allowed but FType is NULL
863,ALLOWED_BUT_NULL,UnaryOp.castdtm,UNKNOWN_HOP_TYPE,Operation allowed but FType is NULL
863,ALLOWED_BUT_NULL,UnaryOp.castdtm,PROPAGATE_FROM_INPUT,Operation allowed but FType is NULL
865,ALLOWED_BUT_NULL,UnaryOp.castdts,UNARY_ALLOWED,Operation allowed but FType is NULL
865,ALLOWED_BUT_NULL,UnaryOp.castdts,SCALAR_HOP,Operation allowed but FType is NULL
865,ALLOWED_BUT_NULL,UnaryOp.castdts,PROPAGATE_FROM_INPUT,Operation allowed but FType is NULL
871,ALLOWED_BUT_NULL,UnaryOp.castdts,UNARY_ALLOWED,Operation allowed but FType is NULL
871,ALLOWED_BUT_NULL,UnaryOp.castdts,SCALAR_HOP,Operation allowed but FType is NULL
871,ALLOWED_BUT_NULL,UnaryOp.castdts,PROPAGATE_FROM_INPUT,Operation allowed but FType is NULL
879,ALLOWED_BUT_NULL,UnaryOp.castdts,UNARY_ALLOWED,Operation allowed but FType is NULL
879,ALLOWED_BUT_NULL,UnaryOp.castdts,SCALAR_HOP,Operation allowed but FType is NULL
879,ALLOWED_BUT_NULL,UnaryOp.castdts,PROPAGATE_FROM_INPUT,Operation allowed but FType is NULL
881,ALLOWED_BUT_NULL,UnaryOp.castdts,UNARY_ALLOWED,Operation allowed but FType is NULL
881,ALLOWED_BUT_NULL,UnaryOp.castdts,SCALAR_HOP,Operation allowed but FType is NULL
881,ALLOWED_BUT_NULL,UnaryOp.castdts,PROPAGATE_FROM_INPUT,Operation allowed but FType is NULL
888,ALLOWED_BUT_NULL,UnaryOp.castdts,UNARY_ALLOWED,Operation allowed but FType is NULL
888,ALLOWED_BUT_NULL,UnaryOp.castdts,SCALAR_HOP,Operation allowed but FType is NULL
888,ALLOWED_BUT_NULL,UnaryOp.castdts,PROPAGATE_FROM_INPUT,Operation allowed but FType is NULL
921,ALLOWED_BUT_NULL,DataOp.TWrite,PROPAGATE_FROM_INPUT,Operation allowed but FType is NULL
966,ALLOWED_BUT_NULL,UnaryOp.ucumk+,UNARY_ALLOWED,Operation allowed but FType is NULL
966,ALLOWED_BUT_NULL,UnaryOp.ucumk+,UNKNOWN_HOP_TYPE,Operation allowed but FType is NULL
966,ALLOWED_BUT_NULL,UnaryOp.ucumk+,PROPAGATE_FROM_INPUT,Operation allowed but FType is NULL
986,ALLOWED_BUT_NULL,DataOp.TWrite,PROPAGATE_FROM_INPUT,Operation allowed but FType is NULL
