workload,objective_equal,plan_equal,stop_equal,bounds_equal,cost_ratio,cost_change_pct,full_initial_planning_seconds_L,full_initial_planning_seconds_SL,full_initial_planning_seconds_ratio,optimizer_seconds_L,optimizer_seconds_SL,optimizer_seconds_ratio,analysis_seconds_L,analysis_seconds_SL,analysis_seconds_ratio,reducedValues_L,reducedValues_SL,reducedCells_L,reducedCells_SL,childEvaluations_L,childEvaluations_SL
logreg,True,True,True,True,1.0,0.0,29.020430476,29.8515345,1.0286385835898377,2.378441799,2.333288695,0.9810156784080298,21.391047317,21.853991254,1.0216419481542676,23791,23770,4934658,4933771,13514121,12336822
l2svm,True,True,True,True,1.0,0.0,11.158744124,11.86059188,1.0628966618645264,1.252640959,1.465055508,1.169573370145563,7.263908728,7.842285489,1.0796233519249143,9190,9168,1420988,1419416,13093221,12030740
pca,True,True,True,True,1.0,0.0,2.688474088,2.430989348,0.9042264379079261,0.132804162,0.097422942,0.7335835001918087,1.369424737,1.255759577,0.9169978773357007,385,385,5204,5204,15169,15169
als,True,True,True,True,1.0,0.0,3.869336868,4.22703252,1.0924436574541228,0.113981881,0.103448865,0.9075904353605114,2.153203063,2.439939277,1.13316728873704,359,358,3144,3134,0,0
kmeans,True,True,True,True,1.0,0.0,6.477650142,5.978009433,0.922866981382583,0.649244222,0.70682853,1.0886943711606878,3.648946651,3.140704075,0.8607152626194972,1696,1696,52244,52244,4053792,4053792
lm,True,True,True,True,1.0,0.0,1.982267252,2.319882612,1.1703177811464949,0.083260781,0.089435894,1.0741659269326334,0.774732489,0.929222003,1.199410139878618,208,208,4758,4758,1089,1089
glm,True,True,True,True,1.0,0.0,79.765356939,99.73623476,1.250370318486415,10.187083837,10.839103426,1.0640045374547553,43.769813013,61.461835194,1.404206026097149,186154,186147,90431506,90431230,0,0
gnmf,True,True,True,False,1.0,0.0,3.330134899,4.875605458,1.4640864727324068,0.256121974,0.300628911,1.1737724268828258,1.902257874,3.07084796,1.6143173867077918,579,575,16201,16145,625471,506391
gmm,True,True,True,True,1.0,0.0,11.608390108,9.402138861,0.8099433921091652,0.385365612,0.332653579,0.8632155247936341,7.513339283,5.855696253,0.779373329545938,1107,1107,21830,21830,73405,73405
steplm,True,True,True,True,1.0,0.0,14.333143983,14.838751392,1.0352754015169097,0.35115622,0.371651097,1.0583639868318435,10.223095743,10.855598537,1.0618699863427465,1071,1071,26043,26043,0,0
