workload,arm,variant,n,full_initial_planning_seconds_median,full_initial_planning_seconds_min,full_initial_planning_seconds_max,optimizer_seconds_median,optimizer_seconds_min,optimizer_seconds_max,analysis_seconds_median,analysis_seconds_min,analysis_seconds_max,rawValues_median,rawValues_min,rawValues_max,rawCells_median,rawCells_min,rawCells_max,reducedValues_median,reducedValues_min,reducedValues_max,reducedCells_median,reducedCells_min,reducedCells_max,fullChildEvaluations_median,fullChildEvaluations_min,fullChildEvaluations_max,childEvaluations_median,childEvaluations_min,childEvaluations_max,infeasibleCuts_median,infeasibleCuts_min,infeasibleCuts_max,costCuts_median,costCuts_min,costCuts_max,assignments_median,assignments_min,assignments_max,retainedSlots_median,retainedSlots_min,retainedSlots_max,merges_median,merges_min,merges_max,lower_median,lower_min,lower_max,upper_median,upper_min,upper_max,gap_median,gap_min,gap_max,objectiveBits,planFingerprint,stop
logreg,old_L,local_only,3,29.992348523,29.905913365,30.583735447,2.241391218,2.191126497,2.243541269,22.27676801,21.940453721,22.672056826,33698.0,33698.0,33698.0,7514910.0,7514910.0,7514910.0,23791.0,23791.0,23791.0,4934658.0,4934658.0,4934658.0,41421853.0,41421853.0,41421853.0,13514121.0,13514121.0,13514121.0,5903165.0,5903165.0,5903165.0,73291.0,73291.0,73291.0,12028750.0,12028750.0,12028750.0,7992710.0,7992710.0,7992710.0,3303.0,3303.0,3303.0,304.06321524661564,304.06321524661564,304.06321524661564,74333.65643433141,74333.65643433141,74333.65643433141,243.46777086811326,243.46777086811326,243.46777086811326,['4679844583184615702'],['9ff9494e9f24a33d04d0af4f2cb40f8fd75b6d8356dd9065928eb80a7c63fb60'],['RESOURCE']
logreg,old_DSL,local,3,30.786714583,28.670235132,30.913305542,2.735452189,2.290698403,3.026278051,21.643129088,21.143749419,22.532528588,33698.0,33698.0,33698.0,7514910.0,7514910.0,7514910.0,23762.0,23762.0,23762.0,4933299.0,4933299.0,4933299.0,34847773.0,34847773.0,34847773.0,12334382.0,12334382.0,12334382.0,5564794.0,5564794.0,5564794.0,70140.0,70140.0,70140.0,11676461.0,11676461.0,11676461.0,7962547.0,7962547.0,7962547.0,3303.0,3303.0,3303.0,304.06321524661564,304.06321524661564,304.06321524661564,74333.65643433141,74333.65643433141,74333.65643433141,243.46777086811326,243.46777086811326,243.46777086811326,['4679844583184615702'],['9ff9494e9f24a33d04d0af4f2cb40f8fd75b6d8356dd9065928eb80a7c63fb60'],['RESOURCE']
logreg,new_DL,dominance_local,3,30.910761009,29.835102975,34.737877693,2.542315574,2.303004982,3.983088323,22.783975981,22.191940708,24.273421046,33698.0,33698.0,33698.0,7514910.0,7514910.0,7514910.0,23783.0,23783.0,23783.0,4934186.0,4934186.0,4934186.0,41417341.0,41417341.0,41417341.0,13511681.0,13511681.0,13511681.0,5902429.0,5902429.0,5902429.0,73291.0,73291.0,73291.0,12027126.0,12027126.0,12027126.0,7990606.0,7990606.0,7990606.0,3303.0,3303.0,3303.0,304.06321524661564,304.06321524661564,304.06321524661564,74333.65643433141,74333.65643433141,74333.65643433141,243.46777086811326,243.46777086811326,243.46777086811326,['4679844583184615702'],['9ff9494e9f24a33d04d0af4f2cb40f8fd75b6d8356dd9065928eb80a7c63fb60'],['RESOURCE']
logreg,new_SL,support_local,3,30.529237276,29.610537861,31.505249098,2.323018111,2.133703678,3.143683608,22.224925779,21.995961447,22.921982985,33698.0,33698.0,33698.0,7514910.0,7514910.0,7514910.0,23770.0,23770.0,23770.0,4933771.0,4933771.0,4933771.0,34852285.0,34852285.0,34852285.0,12336822.0,12336822.0,12336822.0,5565530.0,5565530.0,5565530.0,70140.0,70140.0,70140.0,11678085.0,11678085.0,11678085.0,7964651.0,7964651.0,7964651.0,3303.0,3303.0,3303.0,304.06321524661564,304.06321524661564,304.06321524661564,74333.65643433141,74333.65643433141,74333.65643433141,243.46777086811326,243.46777086811326,243.46777086811326,['4679844583184615702'],['9ff9494e9f24a33d04d0af4f2cb40f8fd75b6d8356dd9065928eb80a7c63fb60'],['RESOURCE']
logreg,new_DSL,local,3,31.635881254,31.398957108,31.770307058,2.684389507,2.381231838,3.074138561,23.241872565,22.751306598,23.474468974,33698.0,33698.0,33698.0,7514910.0,7514910.0,7514910.0,23762.0,23762.0,23762.0,4933299.0,4933299.0,4933299.0,34847773.0,34847773.0,34847773.0,12334382.0,12334382.0,12334382.0,5564794.0,5564794.0,5564794.0,70140.0,70140.0,70140.0,11676461.0,11676461.0,11676461.0,7962547.0,7962547.0,7962547.0,3303.0,3303.0,3303.0,304.06321524661564,304.06321524661564,304.06321524661564,74333.65643433141,74333.65643433141,74333.65643433141,243.46777086811326,243.46777086811326,243.46777086811326,['4679844583184615702'],['9ff9494e9f24a33d04d0af4f2cb40f8fd75b6d8356dd9065928eb80a7c63fb60'],['RESOURCE']
l2svm,old_L,local_only,3,11.637749556,10.746487014,11.804917082,1.208850341,1.023092163,1.255227996,7.811532991,7.08409969,7.829847196,12112.0,12112.0,12112.0,2094351.0,2094351.0,2094351.0,9190.0,9190.0,9190.0,1420988.0,1420988.0,1420988.0,31368632.0,31368632.0,31368632.0,13093221.0,13093221.0,13093221.0,5658187.0,5658187.0,5658187.0,202032.0,202032.0,202032.0,9503679.0,9503679.0,9503679.0,7890556.0,7890556.0,7890556.0,1581.0,1581.0,1581.0,389.5892717655759,389.5892717655759,389.5892717655759,1691.4352690340852,1691.4352690340852,1691.4352690340852,3.341585848523719,3.341585848523719,3.341585848523719,['4655153826430085486'],['c4b9f764b33f8c488e8e41b7ae87b895256405d37260aef64ef61b5a149a80c6'],['RESOURCE']
l2svm,old_DSL,local,3,11.036434682,10.660706378,11.038690281,1.271545557,0.996630769,1.383342007,7.186296905,6.541013353,7.273202407,12112.0,12112.0,12112.0,2094351.0,2094351.0,2094351.0,9168.0,9168.0,9168.0,1419416.0,1419416.0,1419416.0,28427566.0,28427566.0,28427566.0,12030740.0,12030740.0,12030740.0,5481581.0,5481581.0,5481581.0,190564.0,190564.0,190564.0,9270251.0,9270251.0,9270251.0,7780096.0,7780096.0,7780096.0,1581.0,1581.0,1581.0,389.5892717655759,389.5892717655759,389.5892717655759,1691.4352690340852,1691.4352690340852,1691.4352690340852,3.341585848523719,3.341585848523719,3.341585848523719,['4655153826430085486'],['c4b9f764b33f8c488e8e41b7ae87b895256405d37260aef64ef61b5a149a80c6'],['RESOURCE']
l2svm,new_DL,dominance_local,3,11.00715708,10.174710298,11.570504802,1.242307251,1.026844522,1.570185306,7.132920637,6.799182461,7.179471961,12112.0,12112.0,12112.0,2094351.0,2094351.0,2094351.0,9190.0,9190.0,9190.0,1420988.0,1420988.0,1420988.0,31368632.0,31368632.0,31368632.0,13093221.0,13093221.0,13093221.0,5658187.0,5658187.0,5658187.0,202032.0,202032.0,202032.0,9503679.0,9503679.0,9503679.0,7890556.0,7890556.0,7890556.0,1581.0,1581.0,1581.0,389.5892717655759,389.5892717655759,389.5892717655759,1691.4352690340852,1691.4352690340852,1691.4352690340852,3.341585848523719,3.341585848523719,3.341585848523719,['4655153826430085486'],['c4b9f764b33f8c488e8e41b7ae87b895256405d37260aef64ef61b5a149a80c6'],['RESOURCE']
l2svm,new_SL,support_local,3,11.11015774,10.597334082,11.485101133,1.034738335,1.005743507,1.28521449,7.036255705,6.985627276,7.874604962,12112.0,12112.0,12112.0,2094351.0,2094351.0,2094351.0,9168.0,9168.0,9168.0,1419416.0,1419416.0,1419416.0,28427566.0,28427566.0,28427566.0,12030740.0,12030740.0,12030740.0,5481581.0,5481581.0,5481581.0,190564.0,190564.0,190564.0,9270251.0,9270251.0,9270251.0,7780096.0,7780096.0,7780096.0,1581.0,1581.0,1581.0,389.5892717655759,389.5892717655759,389.5892717655759,1691.4352690340852,1691.4352690340852,1691.4352690340852,3.341585848523719,3.341585848523719,3.341585848523719,['4655153826430085486'],['c4b9f764b33f8c488e8e41b7ae87b895256405d37260aef64ef61b5a149a80c6'],['RESOURCE']
l2svm,new_DSL,local,3,11.162046833,11.153541211,11.637112746,1.196636146,1.008886724,1.305943764,7.485068313,6.963536301,7.649790038,12112.0,12112.0,12112.0,2094351.0,2094351.0,2094351.0,9168.0,9168.0,9168.0,1419416.0,1419416.0,1419416.0,28427566.0,28427566.0,28427566.0,12030740.0,12030740.0,12030740.0,5481581.0,5481581.0,5481581.0,190564.0,190564.0,190564.0,9270251.0,9270251.0,9270251.0,7780096.0,7780096.0,7780096.0,1581.0,1581.0,1581.0,389.5892717655759,389.5892717655759,389.5892717655759,1691.4352690340852,1691.4352690340852,1691.4352690340852,3.341585848523719,3.341585848523719,3.341585848523719,['4655153826430085486'],['c4b9f764b33f8c488e8e41b7ae87b895256405d37260aef64ef61b5a149a80c6'],['RESOURCE']
pca,old_L,local_only,3,2.659675038,2.547286886,2.756524202,0.111785824,0.10117446,0.135635333,1.399802018,1.363185918,1.541382173,446.0,446.0,446.0,7318.0,7318.0,7318.0,385.0,385.0,385.0,5204.0,5204.0,5204.0,33220.0,33220.0,33220.0,15169.0,15169.0,15169.0,2797.0,2797.0,2797.0,104.0,104.0,104.0,9677.0,9677.0,9677.0,10440.0,10440.0,10440.0,505.0,505.0,505.0,1998.3182599424615,1998.3182599424615,1998.3182599424615,1998.526131409438,1998.526131409438,1998.526131409438,0.00010402320348234738,0.00010402320348234738,0.00010402320348234738,['4656504426325947325'],['0e9092b0d2ee166f04737ce65e7d33be670f204f10558b6d3ea57635895035d6'],['TARGET_REACHED']
pca,old_DSL,local,3,2.650348805,2.597576587,2.752241288,0.113121706,0.113042342,0.115456463,1.444514396,1.440815643,1.531765555,446.0,446.0,446.0,7318.0,7318.0,7318.0,385.0,385.0,385.0,5204.0,5204.0,5204.0,33220.0,33220.0,33220.0,15169.0,15169.0,15169.0,2797.0,2797.0,2797.0,104.0,104.0,104.0,9677.0,9677.0,9677.0,10440.0,10440.0,10440.0,505.0,505.0,505.0,1998.3182599424615,1998.3182599424615,1998.3182599424615,1998.526131409438,1998.526131409438,1998.526131409438,0.00010402320348234738,0.00010402320348234738,0.00010402320348234738,['4656504426325947325'],['0e9092b0d2ee166f04737ce65e7d33be670f204f10558b6d3ea57635895035d6'],['TARGET_REACHED']
pca,new_DL,dominance_local,3,2.899130296,2.622572425,2.904631429,0.123964921,0.116262452,0.144595298,1.562322121,1.417032443,1.572018512,446.0,446.0,446.0,7318.0,7318.0,7318.0,385.0,385.0,385.0,5204.0,5204.0,5204.0,33220.0,33220.0,33220.0,15169.0,15169.0,15169.0,2797.0,2797.0,2797.0,104.0,104.0,104.0,9677.0,9677.0,9677.0,10440.0,10440.0,10440.0,505.0,505.0,505.0,1998.3182599424615,1998.3182599424615,1998.3182599424615,1998.526131409438,1998.526131409438,1998.526131409438,0.00010402320348234738,0.00010402320348234738,0.00010402320348234738,['4656504426325947325'],['0e9092b0d2ee166f04737ce65e7d33be670f204f10558b6d3ea57635895035d6'],['TARGET_REACHED']
pca,new_SL,support_local,3,2.926482791,2.801778843,2.956387868,0.139213691,0.125281991,0.154112407,1.513581589,1.504177695,1.653744069,446.0,446.0,446.0,7318.0,7318.0,7318.0,385.0,385.0,385.0,5204.0,5204.0,5204.0,33220.0,33220.0,33220.0,15169.0,15169.0,15169.0,2797.0,2797.0,2797.0,104.0,104.0,104.0,9677.0,9677.0,9677.0,10440.0,10440.0,10440.0,505.0,505.0,505.0,1998.3182599424615,1998.3182599424615,1998.3182599424615,1998.526131409438,1998.526131409438,1998.526131409438,0.00010402320348234738,0.00010402320348234738,0.00010402320348234738,['4656504426325947325'],['0e9092b0d2ee166f04737ce65e7d33be670f204f10558b6d3ea57635895035d6'],['TARGET_REACHED']
pca,new_DSL,local,3,2.82173026,2.760341218,2.999714942,0.14029967,0.137414496,0.156624705,1.541190763,1.451692094,1.55323208,446.0,446.0,446.0,7318.0,7318.0,7318.0,385.0,385.0,385.0,5204.0,5204.0,5204.0,33220.0,33220.0,33220.0,15169.0,15169.0,15169.0,2797.0,2797.0,2797.0,104.0,104.0,104.0,9677.0,9677.0,9677.0,10440.0,10440.0,10440.0,505.0,505.0,505.0,1998.3182599424615,1998.3182599424615,1998.3182599424615,1998.526131409438,1998.526131409438,1998.526131409438,0.00010402320348234738,0.00010402320348234738,0.00010402320348234738,['4656504426325947325'],['0e9092b0d2ee166f04737ce65e7d33be670f204f10558b6d3ea57635895035d6'],['TARGET_REACHED']
als,old_L,local_only,3,4.394169835,4.10543763,4.655364262,0.11670649,0.112163996,0.152946369,2.40019043,2.248395636,2.668344805,394.0,394.0,394.0,4314.0,4314.0,4314.0,359.0,359.0,359.0,3144.0,3144.0,3144.0,0.0,0.0,0.0,0.0,0.0,0.0,0.0,0.0,0.0,0.0,0.0,0.0,3144.0,3144.0,3144.0,3144.0,3144.0,3144.0,1245.0,1245.0,1245.0,1302540.2879920152,1302540.2879920152,1302540.2879920152,1348514.7196450569,1348514.7196450569,1348514.7196450569,0.03529597669789963,0.03529597669789963,0.03529597669789963,['4698542638339106960'],['3cd4cb111fdcb1d1653cc2fb81a752f887d1f1f845f73ad218ceb7f88c3458fd'],['TARGET_REACHED']
als,old_DSL,local,3,4.193227471,3.910355859,4.398908054,0.113450877,0.104205536,0.12307085,2.46285446,2.088238574,2.60658064,394.0,394.0,394.0,4314.0,4314.0,4314.0,358.0,358.0,358.0,3134.0,3134.0,3134.0,0.0,0.0,0.0,0.0,0.0,0.0,0.0,0.0,0.0,0.0,0.0,0.0,3134.0,3134.0,3134.0,3134.0,3134.0,3134.0,1246.0,1246.0,1246.0,1302540.2879920152,1302540.2879920152,1302540.2879920152,1348514.7196450569,1348514.7196450569,1348514.7196450569,0.03529597669789963,0.03529597669789963,0.03529597669789963,['4698542638339106960'],['3cd4cb111fdcb1d1653cc2fb81a752f887d1f1f845f73ad218ceb7f88c3458fd'],['TARGET_REACHED']
als,new_DL,dominance_local,3,3.802938859,3.701799442,4.023344604,0.108939755,0.101141755,0.152661725,2.216947621,1.88683537,2.34222594,394.0,394.0,394.0,4314.0,4314.0,4314.0,359.0,359.0,359.0,3144.0,3144.0,3144.0,0.0,0.0,0.0,0.0,0.0,0.0,0.0,0.0,0.0,0.0,0.0,0.0,3144.0,3144.0,3144.0,3144.0,3144.0,3144.0,1245.0,1245.0,1245.0,1302540.2879920152,1302540.2879920152,1302540.2879920152,1348514.7196450569,1348514.7196450569,1348514.7196450569,0.03529597669789963,0.03529597669789963,0.03529597669789963,['4698542638339106960'],['3cd4cb111fdcb1d1653cc2fb81a752f887d1f1f845f73ad218ceb7f88c3458fd'],['TARGET_REACHED']
als,new_SL,support_local,3,3.951342775,3.503853985,4.164701347,0.098756561,0.091158856,0.125779459,2.219880388,2.022241268,2.511928795,394.0,394.0,394.0,4314.0,4314.0,4314.0,358.0,358.0,358.0,3134.0,3134.0,3134.0,0.0,0.0,0.0,0.0,0.0,0.0,0.0,0.0,0.0,0.0,0.0,0.0,3134.0,3134.0,3134.0,3134.0,3134.0,3134.0,1246.0,1246.0,1246.0,1302540.2879920152,1302540.2879920152,1302540.2879920152,1348514.7196450569,1348514.7196450569,1348514.7196450569,0.03529597669789963,0.03529597669789963,0.03529597669789963,['4698542638339106960'],['3cd4cb111fdcb1d1653cc2fb81a752f887d1f1f845f73ad218ceb7f88c3458fd'],['TARGET_REACHED']
als,new_DSL,local,3,3.538254895,3.50023776,4.342106824,0.121042475,0.100843908,0.171232921,1.92920217,1.915625869,2.439441815,394.0,394.0,394.0,4314.0,4314.0,4314.0,358.0,358.0,358.0,3134.0,3134.0,3134.0,0.0,0.0,0.0,0.0,0.0,0.0,0.0,0.0,0.0,0.0,0.0,0.0,3134.0,3134.0,3134.0,3134.0,3134.0,3134.0,1246.0,1246.0,1246.0,1302540.2879920152,1302540.2879920152,1302540.2879920152,1348514.7196450569,1348514.7196450569,1348514.7196450569,0.03529597669789963,0.03529597669789963,0.03529597669789963,['4698542638339106960'],['3cd4cb111fdcb1d1653cc2fb81a752f887d1f1f845f73ad218ceb7f88c3458fd'],['TARGET_REACHED']
kmeans,old_L,local_only,3,5.635148147,5.236299146,6.419538686,0.488617223,0.472256373,0.601746025,3.168046146,3.086170569,3.477153213,1970.0,1970.0,1970.0,75932.0,75932.0,75932.0,1696.0,1696.0,1696.0,52244.0,52244.0,52244.0,15583870.0,15583870.0,15583870.0,4053792.0,4053792.0,4053792.0,1295080.0,1295080.0,1295080.0,12789.0,12789.0,12789.0,1615933.0,1615933.0,1615933.0,611228.0,611228.0,611228.0,2072.0,2072.0,2072.0,2758.985992688289,2758.985992688289,2758.985992688289,2758.985992688289,2758.985992688289,2758.985992688289,0.0,0.0,0.0,['4658285489433386136'],['5814185bc6340169f13539f627878f87327b1429c600bcbffcb74c66df6948ec'],['EXACT']
kmeans,old_DSL,local,3,5.859827718,5.604849489,6.070436581,0.59645064,0.456776812,0.613496942,3.385316667,3.018862694,3.396687572,1970.0,1970.0,1970.0,75932.0,75932.0,75932.0,1696.0,1696.0,1696.0,52244.0,52244.0,52244.0,15583870.0,15583870.0,15583870.0,4053792.0,4053792.0,4053792.0,1295080.0,1295080.0,1295080.0,12789.0,12789.0,12789.0,1615933.0,1615933.0,1615933.0,611228.0,611228.0,611228.0,2072.0,2072.0,2072.0,2758.985992688289,2758.985992688289,2758.985992688289,2758.985992688289,2758.985992688289,2758.985992688289,0.0,0.0,0.0,['4658285489433386136'],['5814185bc6340169f13539f627878f87327b1429c600bcbffcb74c66df6948ec'],['EXACT']
kmeans,new_DL,dominance_local,3,5.617265652,5.61451778,6.441564,0.584134625,0.496652899,0.707350072,3.10925257,3.056393882,3.505863241,1970.0,1970.0,1970.0,75932.0,75932.0,75932.0,1696.0,1696.0,1696.0,52244.0,52244.0,52244.0,15583870.0,15583870.0,15583870.0,4053792.0,4053792.0,4053792.0,1295080.0,1295080.0,1295080.0,12789.0,12789.0,12789.0,1615933.0,1615933.0,1615933.0,611228.0,611228.0,611228.0,2072.0,2072.0,2072.0,2758.985992688289,2758.985992688289,2758.985992688289,2758.985992688289,2758.985992688289,2758.985992688289,0.0,0.0,0.0,['4658285489433386136'],['5814185bc6340169f13539f627878f87327b1429c600bcbffcb74c66df6948ec'],['EXACT']
kmeans,new_SL,support_local,3,5.846448479,5.730247717,6.449398513,0.521318264,0.496227054,0.530527826,3.452299116,3.330180008,3.84084203,1970.0,1970.0,1970.0,75932.0,75932.0,75932.0,1696.0,1696.0,1696.0,52244.0,52244.0,52244.0,15583870.0,15583870.0,15583870.0,4053792.0,4053792.0,4053792.0,1295080.0,1295080.0,1295080.0,12789.0,12789.0,12789.0,1615933.0,1615933.0,1615933.0,611228.0,611228.0,611228.0,2072.0,2072.0,2072.0,2758.985992688289,2758.985992688289,2758.985992688289,2758.985992688289,2758.985992688289,2758.985992688289,0.0,0.0,0.0,['4658285489433386136'],['5814185bc6340169f13539f627878f87327b1429c600bcbffcb74c66df6948ec'],['EXACT']
kmeans,new_DSL,local,3,6.343490745,6.138755868,7.234040285,0.61177494,0.47574833,0.733161598,3.686772775,3.479513344,4.138492029,1970.0,1970.0,1970.0,75932.0,75932.0,75932.0,1696.0,1696.0,1696.0,52244.0,52244.0,52244.0,15583870.0,15583870.0,15583870.0,4053792.0,4053792.0,4053792.0,1295080.0,1295080.0,1295080.0,12789.0,12789.0,12789.0,1615933.0,1615933.0,1615933.0,611228.0,611228.0,611228.0,2072.0,2072.0,2072.0,2758.985992688289,2758.985992688289,2758.985992688289,2758.985992688289,2758.985992688289,2758.985992688289,0.0,0.0,0.0,['4658285489433386136'],['5814185bc6340169f13539f627878f87327b1429c600bcbffcb74c66df6948ec'],['EXACT']
lm,old_L,local_only,3,2.292689827,2.207815068,2.307950269,0.103684612,0.090044343,0.112222376,0.882493439,0.876970199,0.886983974,241.0,241.0,241.0,6395.0,6395.0,6395.0,208.0,208.0,208.0,4758.0,4758.0,4758.0,1740.0,1740.0,1740.0,1089.0,1089.0,1089.0,121.0,121.0,121.0,0.0,0.0,0.0,4936.0,4936.0,4936.0,4970.0,4970.0,4970.0,241.0,241.0,241.0,50.16865894508741,50.16865894508741,50.16865894508741,51.407386332933704,51.407386332933704,51.407386332933704,0.024691259720578892,0.024691259720578892,0.024691259720578892,['4632431763744908497'],['32c0bc07dd8bb4b817a44584abbbe1b36cff7ee719a9534074fab50c6803a193'],['TARGET_REACHED']
lm,old_DSL,local,3,2.1798128,2.021594676,2.237928395,0.085008121,0.071241802,0.098946226,0.864658215,0.739205025,0.874138156,241.0,241.0,241.0,6395.0,6395.0,6395.0,208.0,208.0,208.0,4758.0,4758.0,4758.0,1740.0,1740.0,1740.0,1089.0,1089.0,1089.0,121.0,121.0,121.0,0.0,0.0,0.0,4936.0,4936.0,4936.0,4970.0,4970.0,4970.0,241.0,241.0,241.0,50.16865894508741,50.16865894508741,50.16865894508741,51.407386332933704,51.407386332933704,51.407386332933704,0.024691259720578892,0.024691259720578892,0.024691259720578892,['4632431763744908497'],['32c0bc07dd8bb4b817a44584abbbe1b36cff7ee719a9534074fab50c6803a193'],['TARGET_REACHED']
lm,new_DL,dominance_local,3,1.933748986,1.805190491,2.160450655,0.085545418,0.079799186,0.09210693,0.71578592,0.706334074,0.887719892,241.0,241.0,241.0,6395.0,6395.0,6395.0,208.0,208.0,208.0,4758.0,4758.0,4758.0,1740.0,1740.0,1740.0,1089.0,1089.0,1089.0,121.0,121.0,121.0,0.0,0.0,0.0,4936.0,4936.0,4936.0,4970.0,4970.0,4970.0,241.0,241.0,241.0,50.16865894508741,50.16865894508741,50.16865894508741,51.407386332933704,51.407386332933704,51.407386332933704,0.024691259720578892,0.024691259720578892,0.024691259720578892,['4632431763744908497'],['32c0bc07dd8bb4b817a44584abbbe1b36cff7ee719a9534074fab50c6803a193'],['TARGET_REACHED']
lm,new_SL,support_local,3,2.267962633,1.781326124,3.446058956,0.086873848,0.075708691,0.158933888,0.892163546,0.691150093,1.365671282,241.0,241.0,241.0,6395.0,6395.0,6395.0,208.0,208.0,208.0,4758.0,4758.0,4758.0,1740.0,1740.0,1740.0,1089.0,1089.0,1089.0,121.0,121.0,121.0,0.0,0.0,0.0,4936.0,4936.0,4936.0,4970.0,4970.0,4970.0,241.0,241.0,241.0,50.16865894508741,50.16865894508741,50.16865894508741,51.407386332933704,51.407386332933704,51.407386332933704,0.024691259720578892,0.024691259720578892,0.024691259720578892,['4632431763744908497'],['32c0bc07dd8bb4b817a44584abbbe1b36cff7ee719a9534074fab50c6803a193'],['TARGET_REACHED']
lm,new_DSL,local,3,2.178421731,2.054219604,3.394142969,0.104869968,0.086876373,0.152143326,0.867342736,0.840477809,1.433414443,241.0,241.0,241.0,6395.0,6395.0,6395.0,208.0,208.0,208.0,4758.0,4758.0,4758.0,1740.0,1740.0,1740.0,1089.0,1089.0,1089.0,121.0,121.0,121.0,0.0,0.0,0.0,4936.0,4936.0,4936.0,4970.0,4970.0,4970.0,241.0,241.0,241.0,50.16865894508741,50.16865894508741,50.16865894508741,51.407386332933704,51.407386332933704,51.407386332933704,0.024691259720578892,0.024691259720578892,0.024691259720578892,['4632431763744908497'],['32c0bc07dd8bb4b817a44584abbbe1b36cff7ee719a9534074fab50c6803a193'],['TARGET_REACHED']
glm,old_L,local_only,3,77.701850073,75.275232215,78.596108935,10.721779927,10.106644326,11.557655671,41.103265032,40.267487088,42.836810876,220439.0,220439.0,220439.0,110862677.0,110862677.0,110862677.0,186154.0,186154.0,186154.0,90431506.0,90431506.0,90431506.0,0.0,0.0,0.0,0.0,0.0,0.0,0.0,0.0,0.0,0.0,0.0,0.0,0.0,0.0,0.0,0.0,0.0,0.0,0.0,0.0,0.0,0.0,0.0,0.0,79553.500493499,79553.500493499,79553.500493499,inf,inf,inf,['4680203288137005217'],['f4c4c9194ca01fc5d44817942c42626b751e8f50a46360f68d85fbe2936cf31c'],['RESOURCE_INITIAL']
glm,old_DSL,local,3,77.438913904,76.972386878,80.206312275,11.414867941,10.537945212,11.422521691,41.814164804,41.692225556,43.337333692,220439.0,220439.0,220439.0,110862677.0,110862677.0,110862677.0,186147.0,186147.0,186147.0,90431230.0,90431230.0,90431230.0,0.0,0.0,0.0,0.0,0.0,0.0,0.0,0.0,0.0,0.0,0.0,0.0,0.0,0.0,0.0,0.0,0.0,0.0,0.0,0.0,0.0,0.0,0.0,0.0,79553.500493499,79553.500493499,79553.500493499,inf,inf,inf,['4680203288137005217'],['f4c4c9194ca01fc5d44817942c42626b751e8f50a46360f68d85fbe2936cf31c'],['RESOURCE_INITIAL']
glm,new_DL,dominance_local,3,87.562243279,79.979822291,105.4044965,11.647477878,11.265224508,12.104496482,48.724363167,42.621738902,67.282549368,220439.0,220439.0,220439.0,110862677.0,110862677.0,110862677.0,186154.0,186154.0,186154.0,90431506.0,90431506.0,90431506.0,0.0,0.0,0.0,0.0,0.0,0.0,0.0,0.0,0.0,0.0,0.0,0.0,0.0,0.0,0.0,0.0,0.0,0.0,0.0,0.0,0.0,0.0,0.0,0.0,79553.500493499,79553.500493499,79553.500493499,inf,inf,inf,['4680203288137005217'],['f4c4c9194ca01fc5d44817942c42626b751e8f50a46360f68d85fbe2936cf31c'],['RESOURCE_INITIAL']
glm,new_SL,support_local,3,79.937251312,76.771451942,80.966663156,11.649968959,10.261450135,11.778069992,43.736059403,39.454511419,46.166851642,220439.0,220439.0,220439.0,110862677.0,110862677.0,110862677.0,186147.0,186147.0,186147.0,90431230.0,90431230.0,90431230.0,0.0,0.0,0.0,0.0,0.0,0.0,0.0,0.0,0.0,0.0,0.0,0.0,0.0,0.0,0.0,0.0,0.0,0.0,0.0,0.0,0.0,0.0,0.0,0.0,79553.500493499,79553.500493499,79553.500493499,inf,inf,inf,['4680203288137005217'],['f4c4c9194ca01fc5d44817942c42626b751e8f50a46360f68d85fbe2936cf31c'],['RESOURCE_INITIAL']
glm,new_DSL,local,3,84.403492659,81.513172063,85.819394713,11.6910734,10.592125165,12.908291592,46.504695373,43.132679823,47.939865592,220439.0,220439.0,220439.0,110862677.0,110862677.0,110862677.0,186147.0,186147.0,186147.0,90431230.0,90431230.0,90431230.0,0.0,0.0,0.0,0.0,0.0,0.0,0.0,0.0,0.0,0.0,0.0,0.0,0.0,0.0,0.0,0.0,0.0,0.0,0.0,0.0,0.0,0.0,0.0,0.0,79553.500493499,79553.500493499,79553.500493499,inf,inf,inf,['4680203288137005217'],['f4c4c9194ca01fc5d44817942c42626b751e8f50a46360f68d85fbe2936cf31c'],['RESOURCE_INITIAL']
gnmf,old_L,local_only,3,3.250920379,3.233111102,3.491272083,0.224716324,0.202215286,0.253471305,1.752974364,1.737385039,2.066941673,692.0,692.0,692.0,21429.0,21429.0,21429.0,579.0,579.0,579.0,16201.0,16201.0,16201.0,2350911.0,2350911.0,2350911.0,625471.0,625471.0,625471.0,173203.0,173203.0,173203.0,11878.0,11878.0,11878.0,290857.0,290857.0,290857.0,252537.0,252537.0,252537.0,587.0,587.0,587.0,10947.472674026232,10947.472674026232,10947.472674026232,10947.47267402624,10947.47267402624,10947.47267402624,6.646244143131071e-16,6.646244143131071e-16,6.646244143131071e-16,['4667244051078389295'],['1ee5554b08b1b0c7ab2f088d7beccaa7302c2a613ba216c5d4480e8645d1e063'],['TARGET_REACHED']
gnmf,old_DSL,local,3,3.225945467,3.027265854,3.285949612,0.18615727,0.182143862,0.211410575,1.885607501,1.598627242,1.888628597,692.0,692.0,692.0,21429.0,21429.0,21429.0,575.0,575.0,575.0,16145.0,16145.0,16145.0,1727214.0,1727214.0,1727214.0,506391.0,506391.0,506391.0,137846.0,137846.0,137846.0,11147.0,11147.0,11147.0,245585.0,245585.0,245585.0,229577.0,229577.0,229577.0,585.0,585.0,585.0,10947.47267402623,10947.47267402623,10947.47267402623,10947.47267402624,10947.47267402624,10947.47267402624,8.307805178913839e-16,8.307805178913839e-16,8.307805178913839e-16,['4667244051078389295'],['1ee5554b08b1b0c7ab2f088d7beccaa7302c2a613ba216c5d4480e8645d1e063'],['TARGET_REACHED']
gnmf,new_DL,dominance_local,3,3.178670952,3.159706117,3.254353009,0.250830274,0.199276368,0.262512241,1.743919799,1.739970117,1.87971786,692.0,692.0,692.0,21429.0,21429.0,21429.0,579.0,579.0,579.0,16201.0,16201.0,16201.0,2350911.0,2350911.0,2350911.0,625471.0,625471.0,625471.0,173203.0,173203.0,173203.0,11878.0,11878.0,11878.0,290857.0,290857.0,290857.0,252537.0,252537.0,252537.0,587.0,587.0,587.0,10947.472674026232,10947.472674026232,10947.472674026232,10947.47267402624,10947.47267402624,10947.47267402624,6.646244143131071e-16,6.646244143131071e-16,6.646244143131071e-16,['4667244051078389295'],['1ee5554b08b1b0c7ab2f088d7beccaa7302c2a613ba216c5d4480e8645d1e063'],['TARGET_REACHED']
gnmf,new_SL,support_local,3,3.20950063,3.188981245,3.755420604,0.193151881,0.173971688,0.249487377,1.872894622,1.649471957,2.133031482,692.0,692.0,692.0,21429.0,21429.0,21429.0,575.0,575.0,575.0,16145.0,16145.0,16145.0,1727214.0,1727214.0,1727214.0,506391.0,506391.0,506391.0,137846.0,137846.0,137846.0,11147.0,11147.0,11147.0,245585.0,245585.0,245585.0,229577.0,229577.0,229577.0,585.0,585.0,585.0,10947.47267402623,10947.47267402623,10947.47267402623,10947.47267402624,10947.47267402624,10947.47267402624,8.307805178913839e-16,8.307805178913839e-16,8.307805178913839e-16,['4667244051078389295'],['1ee5554b08b1b0c7ab2f088d7beccaa7302c2a613ba216c5d4480e8645d1e063'],['TARGET_REACHED']
gnmf,new_DSL,local,3,2.911921757,2.851652682,3.402219373,0.214540247,0.201322179,0.224387624,1.629335404,1.516052757,1.881574649,692.0,692.0,692.0,21429.0,21429.0,21429.0,575.0,575.0,575.0,16145.0,16145.0,16145.0,1727214.0,1727214.0,1727214.0,506391.0,506391.0,506391.0,137846.0,137846.0,137846.0,11147.0,11147.0,11147.0,245585.0,245585.0,245585.0,229577.0,229577.0,229577.0,585.0,585.0,585.0,10947.47267402623,10947.47267402623,10947.47267402623,10947.47267402624,10947.47267402624,10947.47267402624,8.307805178913839e-16,8.307805178913839e-16,8.307805178913839e-16,['4667244051078389295'],['1ee5554b08b1b0c7ab2f088d7beccaa7302c2a613ba216c5d4480e8645d1e063'],['TARGET_REACHED']
gmm,old_L,local_only,3,6.650499984,6.320075762,7.197430121,0.212293653,0.19478732,0.249974032,4.381555255,4.068302815,4.77729347,1209.0,1209.0,1209.0,27575.0,27575.0,27575.0,1107.0,1107.0,1107.0,21830.0,21830.0,21830.0,137558.0,137558.0,137558.0,73405.0,73405.0,73405.0,21240.0,21240.0,21240.0,134.0,134.0,134.0,54734.0,54734.0,54734.0,61238.0,61238.0,61238.0,1960.0,1960.0,1960.0,8225.23857235275,8225.23857235275,8225.23857235275,8225.238572352795,8225.238572352795,8225.238572352795,5.528682808240882e-15,5.528682808240882e-15,5.528682808240882e-15,['4665747487054230142'],['7500541ab48bef409181158cd4c42b3c66389e6792f1c958c439acd5ead11d56'],['TARGET_REACHED']
gmm,old_DSL,local,3,6.229564147,5.996698092,6.336453983,0.263518133,0.21505816,0.297984576,3.927821542,3.733770435,3.994237551,1209.0,1209.0,1209.0,27575.0,27575.0,27575.0,1107.0,1107.0,1107.0,21830.0,21830.0,21830.0,137558.0,137558.0,137558.0,73405.0,73405.0,73405.0,21240.0,21240.0,21240.0,134.0,134.0,134.0,54734.0,54734.0,54734.0,61238.0,61238.0,61238.0,1960.0,1960.0,1960.0,8225.23857235275,8225.23857235275,8225.23857235275,8225.238572352795,8225.238572352795,8225.238572352795,5.528682808240882e-15,5.528682808240882e-15,5.528682808240882e-15,['4665747487054230142'],['7500541ab48bef409181158cd4c42b3c66389e6792f1c958c439acd5ead11d56'],['TARGET_REACHED']
gmm,new_DL,dominance_local,3,6.307966474,5.84132931,6.575465789,0.274695274,0.225858905,0.275254656,4.057734752,3.597819346,4.211915926,1209.0,1209.0,1209.0,27575.0,27575.0,27575.0,1107.0,1107.0,1107.0,21830.0,21830.0,21830.0,137558.0,137558.0,137558.0,73405.0,73405.0,73405.0,21240.0,21240.0,21240.0,134.0,134.0,134.0,54734.0,54734.0,54734.0,61238.0,61238.0,61238.0,1960.0,1960.0,1960.0,8225.23857235275,8225.23857235275,8225.23857235275,8225.238572352795,8225.238572352795,8225.238572352795,5.528682808240882e-15,5.528682808240882e-15,5.528682808240882e-15,['4665747487054230142'],['7500541ab48bef409181158cd4c42b3c66389e6792f1c958c439acd5ead11d56'],['TARGET_REACHED']
gmm,new_SL,support_local,3,6.489251996,5.696864976,6.559776111,0.196926751,0.192345274,0.242675454,4.306098576,3.68410547,4.364269845,1209.0,1209.0,1209.0,27575.0,27575.0,27575.0,1107.0,1107.0,1107.0,21830.0,21830.0,21830.0,137558.0,137558.0,137558.0,73405.0,73405.0,73405.0,21240.0,21240.0,21240.0,134.0,134.0,134.0,54734.0,54734.0,54734.0,61238.0,61238.0,61238.0,1960.0,1960.0,1960.0,8225.23857235275,8225.23857235275,8225.23857235275,8225.238572352795,8225.238572352795,8225.238572352795,5.528682808240882e-15,5.528682808240882e-15,5.528682808240882e-15,['4665747487054230142'],['7500541ab48bef409181158cd4c42b3c66389e6792f1c958c439acd5ead11d56'],['TARGET_REACHED']
gmm,new_DSL,local,3,6.41600407,5.676964044,6.420076502,0.228932787,0.20929849,0.23837689,4.151854596,3.527416876,4.179919709,1209.0,1209.0,1209.0,27575.0,27575.0,27575.0,1107.0,1107.0,1107.0,21830.0,21830.0,21830.0,137558.0,137558.0,137558.0,73405.0,73405.0,73405.0,21240.0,21240.0,21240.0,134.0,134.0,134.0,54734.0,54734.0,54734.0,61238.0,61238.0,61238.0,1960.0,1960.0,1960.0,8225.23857235275,8225.23857235275,8225.23857235275,8225.238572352795,8225.238572352795,8225.238572352795,5.528682808240882e-15,5.528682808240882e-15,5.528682808240882e-15,['4665747487054230142'],['7500541ab48bef409181158cd4c42b3c66389e6792f1c958c439acd5ead11d56'],['TARGET_REACHED']
steplm,old_L,local_only,3,8.404235001,8.333458335,9.765261783,0.218867172,0.197752332,0.229015683,6.049028468,6.018194363,7.145222858,1326.0,1326.0,1326.0,49193.0,49193.0,49193.0,1071.0,1071.0,1071.0,26043.0,26043.0,26043.0,0.0,0.0,0.0,0.0,0.0,0.0,0.0,0.0,0.0,0.0,0.0,0.0,26043.0,26043.0,26043.0,26043.0,26043.0,26043.0,2641.0,2641.0,2641.0,36699672.27352795,36699672.27352795,36699672.27352795,36712074.42161415,36712074.42161415,36712074.42161415,0.0003379362080882543,0.0003379362080882543,0.0003379362080882543,['4720196221075945277'],['24b330f09c109920085387702ca31043c8e7aa8d1da89a91aba2c3f805d4c92a'],['TARGET_REACHED']
steplm,old_DSL,local,3,8.44422523,8.434386071,8.715241686,0.203306992,0.195298754,0.255593588,6.006355149,5.991202411,6.14140246,1326.0,1326.0,1326.0,49193.0,49193.0,49193.0,1071.0,1071.0,1071.0,26043.0,26043.0,26043.0,0.0,0.0,0.0,0.0,0.0,0.0,0.0,0.0,0.0,0.0,0.0,0.0,26043.0,26043.0,26043.0,26043.0,26043.0,26043.0,2641.0,2641.0,2641.0,36699672.27352795,36699672.27352795,36699672.27352795,36712074.42161415,36712074.42161415,36712074.42161415,0.0003379362080882543,0.0003379362080882543,0.0003379362080882543,['4720196221075945277'],['24b330f09c109920085387702ca31043c8e7aa8d1da89a91aba2c3f805d4c92a'],['TARGET_REACHED']
steplm,new_DL,dominance_local,3,9.19591861,8.393347427,9.962204257,0.22507256,0.197765082,0.249129517,6.656278663,6.059060307,7.139622432,1326.0,1326.0,1326.0,49193.0,49193.0,49193.0,1071.0,1071.0,1071.0,26043.0,26043.0,26043.0,0.0,0.0,0.0,0.0,0.0,0.0,0.0,0.0,0.0,0.0,0.0,0.0,26043.0,26043.0,26043.0,26043.0,26043.0,26043.0,2641.0,2641.0,2641.0,36699672.27352795,36699672.27352795,36699672.27352795,36712074.42161415,36712074.42161415,36712074.42161415,0.0003379362080882543,0.0003379362080882543,0.0003379362080882543,['4720196221075945277'],['24b330f09c109920085387702ca31043c8e7aa8d1da89a91aba2c3f805d4c92a'],['TARGET_REACHED']
steplm,new_SL,support_local,3,9.404927076,9.345612682,12.647642367,0.246459368,0.22495293,0.323975985,6.945469986,6.841703236,9.4524369,1326.0,1326.0,1326.0,49193.0,49193.0,49193.0,1071.0,1071.0,1071.0,26043.0,26043.0,26043.0,0.0,0.0,0.0,0.0,0.0,0.0,0.0,0.0,0.0,0.0,0.0,0.0,26043.0,26043.0,26043.0,26043.0,26043.0,26043.0,2641.0,2641.0,2641.0,36699672.27352795,36699672.27352795,36699672.27352795,36712074.42161415,36712074.42161415,36712074.42161415,0.0003379362080882543,0.0003379362080882543,0.0003379362080882543,['4720196221075945277'],['24b330f09c109920085387702ca31043c8e7aa8d1da89a91aba2c3f805d4c92a'],['TARGET_REACHED']
steplm,new_DSL,local,3,9.209689538,8.274893632,9.322426602,0.214146704,0.19455361,0.301559255,6.558980391,5.940177882,6.669477611,1326.0,1326.0,1326.0,49193.0,49193.0,49193.0,1071.0,1071.0,1071.0,26043.0,26043.0,26043.0,0.0,0.0,0.0,0.0,0.0,0.0,0.0,0.0,0.0,0.0,0.0,0.0,26043.0,26043.0,26043.0,26043.0,26043.0,26043.0,2641.0,2641.0,2641.0,36699672.27352795,36699672.27352795,36699672.27352795,36712074.42161415,36712074.42161415,36712074.42161415,0.0003379362080882543,0.0003379362080882543,0.0003379362080882543,['4720196221075945277'],['24b330f09c109920085387702ca31043c8e7aa8d1da89a91aba2c3f805d4c92a'],['TARGET_REACHED']
